index,year,month,day,hour,minute,target_temp
1,2018,3,9,11,0,20
2,2018,3,9,11,15,20
3,2018,3,9,11,30,20
4,2018,3,9,11,45,20
5,2018,3,9,12,0,20
6,2018,3,9,12,15,20
7,2018,3,9,12,30,20
8,2018,3,9,12,45,20
9,2018,3,9,13,0,20
10,2018,3,9,13,15,19
11,2018,3,9,13,30,18
12,2018,3,9,13,45,17
13,2018,3,9,14,0,16
14,2018,3,9,14,15,15
15,2018,3,9,14,30,7
16,2018,3,9,14,45,7
17,2018,3,9,15,0,7
18,2018,3,9,15,15,7
19,2018,3,9,15,30,7
20,2018,3,9,15,45,7
21,2018,3,9,16,0,7
22,2018,3,9,16,15,7
23,2018,3,9,16,30,7
24,2018,3,9,16,45,7
25,2018,3,9,17,0,7
26,2018,3,9,17,15,7
27,2018,3,9,17,30,7
28,2018,3,9,17,45,7
29,2018,3,9,18,0,7
30,2018,3,9,18,15,7
31,2018,3,9,18,30,7
32,2018,3,9,18,45,7
33,2018,3,9,19,0,7
34,2018,3,9,19,15,7
35,2018,3,9,19,30,7
36,2018,3,9,19,45,7
37,2018,3,9,20,0,7
38,2018,3,9,20,15,7
39,2018,3,9,20,30,7
40,2018,3,9,20,45,7
41,2018,3,9,21,0,7
42,2018,3,9,21,15,7
43,2018,3,9,21,30,7
44,2018,3,9,21,45,7
45,2018,3,9,22,0,7
46,2018,3,9,22,15,7
47,2018,3,9,22,30,7
48,2018,3,9,22,45,7
49,2018,3,9,23,0,7
50,2018,3,9,23,15,7
51,2018,3,9,23,30,7
52,2018,3,9,23,45,7
53,2018,3,10,0,0,7
54,2018,3,10,0,15,7
55,2018,3,10,0,30,7
56,2018,3,10,0,45,7
57,2018,3,10,1,0,7
58,2018,3,10,1,15,7
59,2018,3,10,1,30,7
60,2018,3,10,1,45,7
61,2018,3,10,2,0,7
62,2018,3,10,2,15,7
63,2018,3,10,2,30,7
64,2018,3,10,2,45,7
65,2018,3,10,3,0,7
66,2018,3,10,3,15,7
67,2018,3,10,3,30,7
68,2018,3,10,3,45,7
69,2018,3,10,4,0,7
70,2018,3,10,4,15,7
71,2018,3,10,4,30,7
72,2018,3,10,4,45,7
73,2018,3,10,5,0,7
74,2018,3,10,5,15,7
75,2018,3,10,5,30,7
76,2018,3,10,5,45,7
77,2018,3,10,6,0,7
78,2018,3,10,6,15,7
79,2018,3,10,6,30,7
80,2018,3,10,6,45,7
81,2018,3,10,7,0,7
82,2018,3,10,7,15,7
83,2018,3,10,7,30,7
84,2018,3,10,7,45,7
85,2018,3,10,8,0,7
86,2018,3,10,8,15,7
87,2018,3,10,8,30,7
88,2018,3,10,8,45,7
89,2018,3,10,9,0,7
90,2018,3,10,9,15,7
91,2018,3,10,9,30,7
92,2018,3,10,9,45,7
93,2018,3,10,10,0,7
94,2018,3,10,10,15,7
95,2018,3,10,10,30,7
96,2018,3,10,10,45,7
97,2018,3,10,11,0,7
98,2018,3,10,11,15,7
99,2018,3,10,11,30,7
100,2018,3,10,11,45,7
101,2018,3,10,12,0,7
102,2018,3,10,12,15,7
103,2018,3,10,12,30,7
104,2018,3,10,12,45,7
105,2018,3,10,13,0,7
106,2018,3,10,13,15,7
107,2018,3,10,13,30,7
108,2018,3,10,13,45,7
109,2018,3,10,14,0,7
110,2018,3,10,14,15,7
111,2018,3,10,14,30,7
112,2018,3,10,14,45,7
113,2018,3,10,15,0,7
114,2018,3,10,15,15,7
115,2018,3,10,15,30,7
116,2018,3,10,15,45,7
117,2018,3,10,16,0,7
118,2018,3,10,16,15,7
119,2018,3,10,16,30,7
120,2018,3,10,16,45,7
121,2018,3,10,17,0,7
122,2018,3,10,17,15,7
123,2018,3,10,17,30,7
124,2018,3,10,17,45,7
125,2018,3,10,18,0,7
126,2018,3,10,18,15,7
127,2018,3,10,18,30,7
128,2018,3,10,18,45,7
129,2018,3,10,19,0,7
130,2018,3,10,19,15,7
131,2018,3,10,19,30,7
132,2018,3,10,19,45,7
133,2018,3,10,20,0,7
134,2018,3,10,20,15,7
135,2018,3,10,20,30,7
136,2018,3,10,20,45,7
137,2018,3,10,21,0,7
138,2018,3,10,21,15,7
139,2018,3,10,21,30,7
140,2018,3,10,21,45,7
141,2018,3,10,22,0,7
142,2018,3,10,22,15,7
143,2018,3,10,22,30,7
144,2018,3,10,22,45,7
145,2018,3,10,23,0,7
146,2018,3,10,23,15,7
147,2018,3,10,23,30,7
148,2018,3,10,23,45,7
149,2018,3,11,0,0,7
150,2018,3,11,0,15,7
151,2018,3,11,0,30,7
152,2018,3,11,0,45,7
153,2018,3,11,1,0,7
154,2018,3,11,1,15,7
155,2018,3,11,1,30,7
156,2018,3,11,1,45,7
157,2018,3,11,2,0,7
158,2018,3,11,2,15,7
159,2018,3,11,2,30,7
160,2018,3,11,2,45,7
161,2018,3,11,3,0,7
162,2018,3,11,3,15,7
163,2018,3,11,3,30,7
164,2018,3,11,3,45,7
165,2018,3,11,4,0,7
166,2018,3,11,4,15,7
167,2018,3,11,4,30,7
168,2018,3,11,4,45,7
169,2018,3,11,5,0,7
170,2018,3,11,5,15,7
171,2018,3,11,5,30,7
172,2018,3,11,5,45,7
173,2018,3,11,6,0,7
174,2018,3,11,6,15,7
175,2018,3,11,6,30,7
176,2018,3,11,6,45,7
177,2018,3,11,7,0,7
178,2018,3,11,7,15,7
179,2018,3,11,7,30,7
180,2018,3,11,7,45,7
181,2018,3,11,8,0,7
182,2018,3,11,8,15,7
183,2018,3,11,8,30,7
184,2018,3,11,8,45,7
185,2018,3,11,9,0,7
186,2018,3,11,9,15,7
187,2018,3,11,9,30,7
188,2018,3,11,9,45,7
189,2018,3,11,10,0,7
190,2018,3,11,10,15,7
191,2018,3,11,10,30,7
192,2018,3,11,10,45,7
193,2018,3,11,11,0,7
194,2018,3,11,11,15,7
195,2018,3,11,11,30,7
196,2018,3,11,11,45,7
197,2018,3,11,12,0,7
198,2018,3,11,12,15,7
199,2018,3,11,12,30,7
200,2018,3,11,12,45,7
201,2018,3,11,13,0,7
202,2018,3,11,13,15,7
203,2018,3,11,13,30,7
204,2018,3,11,13,45,7
205,2018,3,11,14,0,7
206,2018,3,11,14,15,7
207,2018,3,11,14,30,7
208,2018,3,11,14,45,7
209,2018,3,11,15,0,7
210,2018,3,11,15,15,7
211,2018,3,11,15,30,7
212,2018,3,11,15,45,7
213,2018,3,11,16,0,7
214,2018,3,11,16,15,7
215,2018,3,11,16,30,7
216,2018,3,11,16,45,7
217,2018,3,11,17,0,7
218,2018,3,11,17,15,7
219,2018,3,11,17,30,7
220,2018,3,11,17,45,7
221,2018,3,11,18,0,7
222,2018,3,11,18,15,7
223,2018,3,11,18,30,7
224,2018,3,11,18,45,7
225,2018,3,11,19,0,7
226,2018,3,11,19,15,7
227,2018,3,11,19,30,7
228,2018,3,11,19,45,7
229,2018,3,11,20,0,7
230,2018,3,11,20,15,7
231,2018,3,11,20,30,7
232,2018,3,11,20,45,7
233,2018,3,11,21,0,7
234,2018,3,11,21,15,7
235,2018,3,11,21,30,7
236,2018,3,11,21,45,7
237,2018,3,11,22,0,7
238,2018,3,11,22,15,7
239,2018,3,11,22,30,7
240,2018,3,11,22,45,7
241,2018,3,11,23,0,7
242,2018,3,11,23,15,7
243,2018,3,11,23,30,7
244,2018,3,11,23,45,7
245,2018,3,12,0,0,7
246,2018,3,12,0,15,7
247,2018,3,12,0,30,7
248,2018,3,12,0,45,7
249,2018,3,12,1,0,7
250,2018,3,12,1,15,7
251,2018,3,12,1,30,7
252,2018,3,12,1,45,7
253,2018,3,12,2,0,7
254,2018,3,12,2,15,7
255,2018,3,12,2,30,7
256,2018,3,12,2,45,7
257,2018,3,12,3,0,7
258,2018,3,12,3,15,7
259,2018,3,12,3,30,7
260,2018,3,12,3,45,7
261,2018,3,12,4,0,7
262,2018,3,12,4,15,7
263,2018,3,12,4,30,7
264,2018,3,12,4,45,7
265,2018,3,12,5,0,7
266,2018,3,12,5,15,7
267,2018,3,12,5,30,7
268,2018,3,12,5,45,7
269,2018,3,12,6,0,7
270,2018,3,12,6,15,7
271,2018,3,12,6,30,7
272,2018,3,12,6,45,7
273,2018,3,12,7,0,7
274,2018,3,12,7,15,7
275,2018,3,12,7,30,7
276,2018,3,12,7,45,7
277,2018,3,12,8,0,7
278,2018,3,12,8,15,7
279,2018,3,12,8,30,7
280,2018,3,12,8,45,7
281,2018,3,12,9,0,7
282,2018,3,12,9,15,7
283,2018,3,12,9,30,7
284,2018,3,12,9,45,7
285,2018,3,12,10,0,7
286,2018,3,12,10,15,7
287,2018,3,12,10,30,7
288,2018,3,12,10,45,7
289,2018,3,12,11,0,7
290,2018,3,12,11,15,7
291,2018,3,12,11,30,7
292,2018,3,12,11,45,7
293,2018,3,12,12,0,7
294,2018,3,12,12,15,7
295,2018,3,12,12,30,7
296,2018,3,12,12,45,7
297,2018,3,12,13,0,7
298,2018,3,12,13,15,7
299,2018,3,12,13,30,7
300,2018,3,12,13,45,7
301,2018,3,12,14,0,7
302,2018,3,12,14,15,7
303,2018,3,12,14,30,7
304,2018,3,12,14,45,7
305,2018,3,12,15,0,7
306,2018,3,12,15,15,7
307,2018,3,12,15,30,7
308,2018,3,12,15,45,7
309,2018,3,12,16,0,7
310,2018,3,12,16,15,7
311,2018,3,12,16,30,7
312,2018,3,12,16,45,7
313,2018,3,12,17,0,7
314,2018,3,12,17,15,7
315,2018,3,12,17,30,7
316,2018,3,12,17,45,7
317,2018,3,12,18,0,7
318,2018,3,12,18,15,7
319,2018,3,12,18,30,7
320,2018,3,12,18,45,7
321,2018,3,12,19,0,7
322,2018,3,12,19,15,7
323,2018,3,12,19,30,7
324,2018,3,12,19,45,7
325,2018,3,12,20,0,7
326,2018,3,12,20,15,7
327,2018,3,12,20,30,7
328,2018,3,12,20,45,7
329,2018,3,12,21,0,7
330,2018,3,12,21,15,7
331,2018,3,12,21,30,7
332,2018,3,12,21,45,7
333,2018,3,12,22,0,7
334,2018,3,12,22,15,7
335,2018,3,12,22,30,7
336,2018,3,12,22,45,7
337,2018,3,12,23,0,7
338,2018,3,12,23,15,7
339,2018,3,12,23,30,7
340,2018,3,12,23,45,7
341,2018,3,13,0,0,7
342,2018,3,13,0,15,7
343,2018,3,13,0,30,7
344,2018,3,13,0,45,7
345,2018,3,13,1,0,7
346,2018,3,13,1,15,7
347,2018,3,13,1,30,7
348,2018,3,13,1,45,7
349,2018,3,13,2,0,7
350,2018,3,13,2,15,7
351,2018,3,13,2,30,7
352,2018,3,13,2,45,7
353,2018,3,13,3,0,7
354,2018,3,13,3,15,7
355,2018,3,13,3,30,7
356,2018,3,13,3,45,7
357,2018,3,13,4,0,7
358,2018,3,13,4,15,7
359,2018,3,13,4,30,7
360,2018,3,13,4,45,7
361,2018,3,13,5,0,7
362,2018,3,13,5,15,7
363,2018,3,13,5,30,7
364,2018,3,13,5,45,7
365,2018,3,13,6,0,7
366,2018,3,13,6,15,7
367,2018,3,13,6,30,7
368,2018,3,13,6,45,7
369,2018,3,13,7,0,7
370,2018,3,13,7,15,7
371,2018,3,13,7,30,7
372,2018,3,13,7,45,7
373,2018,3,13,8,0,7
374,2018,3,13,8,15,7
375,2018,3,13,8,30,7
376,2018,3,13,8,45,7
377,2018,3,13,9,0,7
378,2018,3,13,9,15,7
379,2018,3,13,9,30,7
380,2018,3,13,9,45,7
381,2018,3,13,10,0,7
382,2018,3,13,10,15,7
383,2018,3,13,10,30,7
384,2018,3,13,10,45,7
385,2018,3,13,11,0,7
386,2018,3,13,11,15,7
387,2018,3,13,11,30,7
388,2018,3,13,11,45,7
389,2018,3,13,12,0,7
390,2018,3,13,12,15,7
391,2018,3,13,12,30,7
392,2018,3,13,12,45,7
393,2018,3,13,13,0,7
394,2018,3,13,13,15,7
395,2018,3,13,13,30,7
396,2018,3,13,13,45,7
397,2018,3,13,14,0,7
398,2018,3,13,14,15,7
399,2018,3,13,14,30,7
400,2018,3,13,14,45,7
401,2018,3,13,15,0,7
402,2018,3,13,15,15,7
403,2018,3,13,15,30,7
404,2018,3,13,15,45,7
405,2018,3,13,16,0,7
406,2018,3,13,16,15,7
407,2018,3,13,16,30,7
408,2018,3,13,16,45,7
409,2018,3,13,17,0,7
410,2018,3,13,17,15,7
411,2018,3,13,17,30,7
412,2018,3,13,17,45,7
413,2018,3,13,18,0,7
414,2018,3,13,18,15,7
415,2018,3,13,18,30,7
416,2018,3,13,18,45,7
417,2018,3,13,19,0,7
418,2018,3,13,19,15,7
419,2018,3,13,19,30,7
420,2018,3,13,19,45,7
421,2018,3,13,20,0,7
422,2018,3,13,20,15,7
423,2018,3,13,20,30,7
424,2018,3,13,20,45,7
425,2018,3,13,21,0,7
426,2018,3,13,21,15,7
427,2018,3,13,21,30,7
428,2018,3,13,21,45,7
429,2018,3,13,22,0,7
430,2018,3,13,22,15,7
431,2018,3,13,22,30,7
432,2018,3,13,22,45,7
433,2018,3,13,23,0,7
434,2018,3,13,23,15,7
435,2018,3,13,23,30,7
436,2018,3,13,23,45,7
437,2018,3,14,0,0,7
438,2018,3,14,0,15,7
439,2018,3,14,0,30,7
440,2018,3,14,0,45,7
441,2018,3,14,1,0,7
442,2018,3,14,1,15,7
443,2018,3,14,1,30,7
444,2018,3,14,1,45,7
445,2018,3,14,2,0,7
446,2018,3,14,2,15,7
447,2018,3,14,2,30,7
448,2018,3,14,2,45,7
449,2018,3,14,3,0,7.33
450,2018,3,14,3,15,8.63
451,2018,3,14,3,30,9.84
452,2018,3,14,3,45,10.96
453,2018,3,14,4,0,12
454,2018,3,14,4,15,12.95
455,2018,3,14,4,30,13.83
456,2018,3,14,4,45,14.63
457,2018,3,14,5,0,15.35
458,2018,3,14,5,15,16.01
459,2018,3,14,5,30,16.6
460,2018,3,14,5,45,17.13
461,2018,3,14,6,0,17.6
462,2018,3,14,6,15,18.02
463,2018,3,14,6,30,18.39
464,2018,3,14,6,45,18.7
465,2018,3,14,7,0,18.97
466,2018,3,14,7,15,19.2
467,2018,3,14,7,30,19.4
468,2018,3,14,7,45,19.56
469,2018,3,14,8,0,19.68
470,2018,3,14,8,15,19.78
471,2018,3,14,8,30,19.86
472,2018,3,14,8,45,19.91
473,2018,3,14,9,0,19.95
474,2018,3,14,9,15,19.98
475,2018,3,14,9,30,19.99
476,2018,3,14,9,45,20
477,2018,3,14,10,0,20
478,2018,3,14,10,15,18
479,2018,3,14,10,30,18
480,2018,3,14,10,45,18
481,2018,3,14,11,0,18
482,2018,3,14,11,15,18
483,2018,3,14,11,30,18
484,2018,3,14,11,45,18
485,2018,3,14,12,0,18
486,2018,3,14,12,15,18
487,2018,3,14,12,30,18
488,2018,3,14,12,45,18
489,2018,3,14,13,0,18
490,2018,3,14,13,15,18
491,2018,3,14,13,30,18
492,2018,3,14,13,45,18
493,2018,3,14,14,0,18
494,2018,3,14,14,15,18
495,2018,3,14,14,30,18
496,2018,3,14,14,45,18
497,2018,3,14,15,0,18
498,2018,3,14,15,15,18
499,2018,3,14,15,30,18
500,2018,3,14,15,45,18
501,2018,3,14,16,0,18
502,2018,3,14,16,15,7
503,2018,3,14,16,30,7
504,2018,3,14,16,45,7
505,2018,3,14,17,0,7
506,2018,3,14,17,15,7
507,2018,3,14,17,30,7
508,2018,3,14,17,45,7
509,2018,3,14,18,0,7
510,2018,3,14,18,15,7
511,2018,3,14,18,30,7
512,2018,3,14,18,45,7
513,2018,3,14,19,0,7
514,2018,3,14,19,15,7
515,2018,3,14,19,30,7
516,2018,3,14,19,45,7
517,2018,3,14,20,0,7
518,2018,3,14,20,15,7
519,2018,3,14,20,30,7
520,2018,3,14,20,45,7
521,2018,3,14,21,0,7
522,2018,3,14,21,15,7
523,2018,3,14,21,30,7
524,2018,3,14,21,45,7
525,2018,3,14,22,0,7
526,2018,3,14,22,15,7
527,2018,3,14,22,30,7
528,2018,3,14,22,45,7
529,2018,3,14,23,0,7
530,2018,3,14,23,15,7
531,2018,3,14,23,30,7
532,2018,3,14,23,45,7
533,2018,3,15,0,0,7
534,2018,3,15,0,15,7
535,2018,3,15,0,30,7
536,2018,3,15,0,45,7
537,2018,3,15,1,0,7
538,2018,3,15,1,15,7
539,2018,3,15,1,30,7
540,2018,3,15,1,45,7
541,2018,3,15,2,0,7
542,2018,3,15,2,15,7
543,2018,3,15,2,30,7
544,2018,3,15,2,45,7
545,2018,3,15,3,0,7.33
546,2018,3,15,3,15,8.63
547,2018,3,15,3,30,9.84
548,2018,3,15,3,45,10.96
549,2018,3,15,4,0,12
550,2018,3,15,4,15,12.95
551,2018,3,15,4,30,13.83
552,2018,3,15,4,45,14.63
553,2018,3,15,5,0,15.35
554,2018,3,15,5,15,16.01
555,2018,3,15,5,30,16.6
556,2018,3,15,5,45,17.13
557,2018,3,15,6,0,17.6
558,2018,3,15,6,15,18.02
559,2018,3,15,6,30,18.39
560,2018,3,15,6,45,18.7
561,2018,3,15,7,0,18.97
562,2018,3,15,7,15,19.2
563,2018,3,15,7,30,19.4
564,2018,3,15,7,45,19.56
565,2018,3,15,8,0,19.68
566,2018,3,15,8,15,19.78
567,2018,3,15,8,30,19.86
568,2018,3,15,8,45,19.91
569,2018,3,15,9,0,19.95
570,2018,3,15,9,15,19.98
571,2018,3,15,9,30,19.99
572,2018,3,15,9,45,20
573,2018,3,15,10,0,20
574,2018,3,15,10,15,18
575,2018,3,15,10,30,18
576,2018,3,15,10,45,18
577,2018,3,15,11,0,18
578,2018,3,15,11,15,18
579,2018,3,15,11,30,18
580,2018,3,15,11,45,18
581,2018,3,15,12,0,18
582,2018,3,15,12,15,18
583,2018,3,15,12,30,18
584,2018,3,15,12,45,18
585,2018,3,15,13,0,18
586,2018,3,15,13,15,18
587,2018,3,15,13,30,18
588,2018,3,15,13,45,18
589,2018,3,15,14,0,18
590,2018,3,15,14,15,18
591,2018,3,15,14,30,18
592,2018,3,15,14,45,18
593,2018,3,15,15,0,18
594,2018,3,15,15,15,18
595,2018,3,15,15,30,18
596,2018,3,15,15,45,18
597,2018,3,15,16,0,18
598,2018,3,15,16,15,7
599,2018,3,15,16,30,7
600,2018,3,15,16,45,7
601,2018,3,15,17,0,7
602,2018,3,15,17,15,7
603,2018,3,15,17,30,7
604,2018,3,15,17,45,7
605,2018,3,15,18,0,7
606,2018,3,15,18,15,7
607,2018,3,15,18,30,7
608,2018,3,15,18,45,7
609,2018,3,15,19,0,7
610,2018,3,15,19,15,7
611,2018,3,15,19,30,7
612,2018,3,15,19,45,7
613,2018,3,15,20,0,7
614,2018,3,15,20,15,7
615,2018,3,15,20,30,7
616,2018,3,15,20,45,7
617,2018,3,15,21,0,7
618,2018,3,15,21,15,7
619,2018,3,15,21,30,7
620,2018,3,15,21,45,7
621,2018,3,15,22,0,7
622,2018,3,15,22,15,7
623,2018,3,15,22,30,7
624,2018,3,15,22,45,7
625,2018,3,15,23,0,7
626,2018,3,15,23,15,7
627,2018,3,15,23,30,7
628,2018,3,15,23,45,7
629,2018,3,16,0,0,7
630,2018,3,16,0,15,7
631,2018,3,16,0,30,7
632,2018,3,16,0,45,7
633,2018,3,16,1,0,7
634,2018,3,16,1,15,7
635,2018,3,16,1,30,7
636,2018,3,16,1,45,7
637,2018,3,16,2,0,7
638,2018,3,16,2,15,7
639,2018,3,16,2,30,7
640,2018,3,16,2,45,7
641,2018,3,16,3,0,7
642,2018,3,16,3,15,7
643,2018,3,16,3,30,7
644,2018,3,16,3,45,7
645,2018,3,16,4,0,7
646,2018,3,16,4,15,7
647,2018,3,16,4,30,7
648,2018,3,16,4,45,7
649,2018,3,16,5,0,7
650,2018,3,16,5,15,7
651,2018,3,16,5,30,7
652,2018,3,16,5,45,7
653,2018,3,16,6,0,7
654,2018,3,16,6,15,7
655,2018,3,16,6,30,7
656,2018,3,16,6,45,7
657,2018,3,16,7,0,7
658,2018,3,16,7,15,7
659,2018,3,16,7,30,7
660,2018,3,16,7,45,7
661,2018,3,16,8,0,7
662,2018,3,16,8,15,7
663,2018,3,16,8,30,7
664,2018,3,16,8,45,7
665,2018,3,16,9,0,7
666,2018,3,16,9,15,7
667,2018,3,16,9,30,7
668,2018,3,16,9,45,7
669,2018,3,16,10,0,7
670,2018,3,16,10,15,7
671,2018,3,16,10,30,7
672,2018,3,16,10,45,7
673,2018,3,16,11,0,7
674,2018,3,16,11,15,7
675,2018,3,16,11,30,7
676,2018,3,16,11,45,7
677,2018,3,16,12,0,7
678,2018,3,16,12,15,7
679,2018,3,16,12,30,7
680,2018,3,16,12,45,7
681,2018,3,16,13,0,7
682,2018,3,16,13,15,7
683,2018,3,16,13,30,7
684,2018,3,16,13,45,7
685,2018,3,16,14,0,7
686,2018,3,16,14,15,7
687,2018,3,16,14,30,7
688,2018,3,16,14,45,7
689,2018,3,16,15,0,7
690,2018,3,16,15,15,7
691,2018,3,16,15,30,7
692,2018,3,16,15,45,7
693,2018,3,16,16,0,7
694,2018,3,16,16,15,7
695,2018,3,16,16,30,7
696,2018,3,16,16,45,7
697,2018,3,16,17,0,7
698,2018,3,16,17,15,7
699,2018,3,16,17,30,7
700,2018,3,16,17,45,7
701,2018,3,16,18,0,7
702,2018,3,16,18,15,7
703,2018,3,16,18,30,7
704,2018,3,16,18,45,7
705,2018,3,16,19,0,7
706,2018,3,16,19,15,7
707,2018,3,16,19,30,7
708,2018,3,16,19,45,7
709,2018,3,16,20,0,7
710,2018,3,16,20,15,7
711,2018,3,16,20,30,7
712,2018,3,16,20,45,7
713,2018,3,16,21,0,7
714,2018,3,16,21,15,7
715,2018,3,16,21,30,7
716,2018,3,16,21,45,7
717,2018,3,16,22,0,7
718,2018,3,16,22,15,7
719,2018,3,16,22,30,7
720,2018,3,16,22,45,7
721,2018,3,16,23,0,7
722,2018,3,16,23,15,7
723,2018,3,16,23,30,7
724,2018,3,16,23,45,7
725,2018,3,17,0,0,7
726,2018,3,17,0,15,7
727,2018,3,17,0,30,7
728,2018,3,17,0,45,7
729,2018,3,17,1,0,7
730,2018,3,17,1,15,7
731,2018,3,17,1,30,7
732,2018,3,17,1,45,7
733,2018,3,17,2,0,7
734,2018,3,17,2,15,7
735,2018,3,17,2,30,7
736,2018,3,17,2,45,7
737,2018,3,17,3,0,7
738,2018,3,17,3,15,7
739,2018,3,17,3,30,7
740,2018,3,17,3,45,7
741,2018,3,17,4,0,7
742,2018,3,17,4,15,7
743,2018,3,17,4,30,7
744,2018,3,17,4,45,7
745,2018,3,17,5,0,7
746,2018,3,17,5,15,7
747,2018,3,17,5,30,7
748,2018,3,17,5,45,7
749,2018,3,17,6,0,7
750,2018,3,17,6,15,7
751,2018,3,17,6,30,7
752,2018,3,17,6,45,7
753,2018,3,17,7,0,7
754,2018,3,17,7,15,7
755,2018,3,17,7,30,7
756,2018,3,17,7,45,7
757,2018,3,17,8,0,7
758,2018,3,17,8,15,7
759,2018,3,17,8,30,7
760,2018,3,17,8,45,7
761,2018,3,17,9,0,7
762,2018,3,17,9,15,7
763,2018,3,17,9,30,7
764,2018,3,17,9,45,7
765,2018,3,17,10,0,7
766,2018,3,17,10,15,7
767,2018,3,17,10,30,7
768,2018,3,17,10,45,7
769,2018,3,17,11,0,7
770,2018,3,17,11,15,7
771,2018,3,17,11,30,7
772,2018,3,17,11,45,7
773,2018,3,17,12,0,7
774,2018,3,17,12,15,7
775,2018,3,17,12,30,7
776,2018,3,17,12,45,7
777,2018,3,17,13,0,7
778,2018,3,17,13,15,7
779,2018,3,17,13,30,7
780,2018,3,17,13,45,7
781,2018,3,17,14,0,7
782,2018,3,17,14,15,7
783,2018,3,17,14,30,7
784,2018,3,17,14,45,7
785,2018,3,17,15,0,7
786,2018,3,17,15,15,7
787,2018,3,17,15,30,7
788,2018,3,17,15,45,7
789,2018,3,17,16,0,7
790,2018,3,17,16,15,7
791,2018,3,17,16,30,7
792,2018,3,17,16,45,7
793,2018,3,17,17,0,7
794,2018,3,17,17,15,7
795,2018,3,17,17,30,7
796,2018,3,17,17,45,7
797,2018,3,17,18,0,7
798,2018,3,17,18,15,7
799,2018,3,17,18,30,7
800,2018,3,17,18,45,7
801,2018,3,17,19,0,7
802,2018,3,17,19,15,7
803,2018,3,17,19,30,7
804,2018,3,17,19,45,7
805,2018,3,17,20,0,7
806,2018,3,17,20,15,7
807,2018,3,17,20,30,7
808,2018,3,17,20,45,7
809,2018,3,17,21,0,7
810,2018,3,17,21,15,7
811,2018,3,17,21,30,7
812,2018,3,17,21,45,7
813,2018,3,17,22,0,7
814,2018,3,17,22,15,7
815,2018,3,17,22,30,7
816,2018,3,17,22,45,7
817,2018,3,17,23,0,7
818,2018,3,17,23,15,7
819,2018,3,17,23,30,7
820,2018,3,17,23,45,7
821,2018,3,18,0,0,7
822,2018,3,18,0,15,7
823,2018,3,18,0,30,7
824,2018,3,18,0,45,7
825,2018,3,18,1,0,7
826,2018,3,18,1,15,7
827,2018,3,18,1,30,7
828,2018,3,18,1,45,7
829,2018,3,18,2,0,7
830,2018,3,18,2,15,7
831,2018,3,18,2,30,7
832,2018,3,18,2,45,7
833,2018,3,18,3,0,7
834,2018,3,18,3,15,7
835,2018,3,18,3,30,7
836,2018,3,18,3,45,7
837,2018,3,18,4,0,7
838,2018,3,18,4,15,7
839,2018,3,18,4,30,7
840,2018,3,18,4,45,7
841,2018,3,18,5,0,7
842,2018,3,18,5,15,7
843,2018,3,18,5,30,7
844,2018,3,18,5,45,7
845,2018,3,18,6,0,7
846,2018,3,18,6,15,7
847,2018,3,18,6,30,7
848,2018,3,18,6,45,7
849,2018,3,18,7,0,7
850,2018,3,18,7,15,7
851,2018,3,18,7,30,7
852,2018,3,18,7,45,7
853,2018,3,18,8,0,7
854,2018,3,18,8,15,7
855,2018,3,18,8,30,7
856,2018,3,18,8,45,7
857,2018,3,18,9,0,7
858,2018,3,18,9,15,7
859,2018,3,18,9,30,7
860,2018,3,18,9,45,7
861,2018,3,18,10,0,7
862,2018,3,18,10,15,7
863,2018,3,18,10,30,7
864,2018,3,18,10,45,7
865,2018,3,18,11,0,7
866,2018,3,18,11,15,7
867,2018,3,18,11,30,7
868,2018,3,18,11,45,7
869,2018,3,18,12,0,7
870,2018,3,18,12,15,7
871,2018,3,18,12,30,7
872,2018,3,18,12,45,7
873,2018,3,18,13,0,7
874,2018,3,18,13,15,7
875,2018,3,18,13,30,7
876,2018,3,18,13,45,7
877,2018,3,18,14,0,7
878,2018,3,18,14,15,7
879,2018,3,18,14,30,7
880,2018,3,18,14,45,7
881,2018,3,18,15,0,7
882,2018,3,18,15,15,7
883,2018,3,18,15,30,7
884,2018,3,18,15,45,7
885,2018,3,18,16,0,7
886,2018,3,18,16,15,7
887,2018,3,18,16,30,7
888,2018,3,18,16,45,7
889,2018,3,18,17,0,7
890,2018,3,18,17,15,7
891,2018,3,18,17,30,7
892,2018,3,18,17,45,7
893,2018,3,18,18,0,7
894,2018,3,18,18,15,7
895,2018,3,18,18,30,7
896,2018,3,18,18,45,7
897,2018,3,18,19,0,7
898,2018,3,18,19,15,7
899,2018,3,18,19,30,7
900,2018,3,18,19,45,7
901,2018,3,18,20,0,7
902,2018,3,18,20,15,7
903,2018,3,18,20,30,7
904,2018,3,18,20,45,7
905,2018,3,18,21,0,7
906,2018,3,18,21,15,7
907,2018,3,18,21,30,7
908,2018,3,18,21,45,7
909,2018,3,18,22,0,7
910,2018,3,18,22,15,7
911,2018,3,18,22,30,7
912,2018,3,18,22,45,7
913,2018,3,18,23,0,7
914,2018,3,18,23,15,7
915,2018,3,18,23,30,7
916,2018,3,18,23,45,7
917,2018,3,19,0,0,7
918,2018,3,19,0,15,7
919,2018,3,19,0,30,7
920,2018,3,19,0,45,7
921,2018,3,19,1,0,7
922,2018,3,19,1,15,7
923,2018,3,19,1,30,7
924,2018,3,19,1,45,7
925,2018,3,19,2,0,7
926,2018,3,19,2,15,7
927,2018,3,19,2,30,7
928,2018,3,19,2,45,7
929,2018,3,19,3,0,7
930,2018,3,19,3,15,7
931,2018,3,19,3,30,7
932,2018,3,19,3,45,7
933,2018,3,19,4,0,7
934,2018,3,19,4,15,7
935,2018,3,19,4,30,7
936,2018,3,19,4,45,7
937,2018,3,19,5,0,7
938,2018,3,19,5,15,7
939,2018,3,19,5,30,7
940,2018,3,19,5,45,7
941,2018,3,19,6,0,7
942,2018,3,19,6,15,7
943,2018,3,19,6,30,7
944,2018,3,19,6,45,7
945,2018,3,19,7,0,7
946,2018,3,19,7,15,7
947,2018,3,19,7,30,7
948,2018,3,19,7,45,7
949,2018,3,19,8,0,7
950,2018,3,19,8,15,7
951,2018,3,19,8,30,7
952,2018,3,19,8,45,7
953,2018,3,19,9,0,7
954,2018,3,19,9,15,7
955,2018,3,19,9,30,7
956,2018,3,19,9,45,7
957,2018,3,19,10,0,7
958,2018,3,19,10,15,7
959,2018,3,19,10,30,7
960,2018,3,19,10,45,7
961,2018,3,19,11,0,7
962,2018,3,19,11,15,7
963,2018,3,19,11,30,7
964,2018,3,19,11,45,7
965,2018,3,19,12,0,7
966,2018,3,19,12,15,7
967,2018,3,19,12,30,7
968,2018,3,19,12,45,7
969,2018,3,19,13,0,7
970,2018,3,19,13,15,7
971,2018,3,19,13,30,7
972,2018,3,19,13,45,7
973,2018,3,19,14,0,7
974,2018,3,19,14,15,7
975,2018,3,19,14,30,7
976,2018,3,19,14,45,7
977,2018,3,19,15,0,7
978,2018,3,19,15,15,7
979,2018,3,19,15,30,7
980,2018,3,19,15,45,7
981,2018,3,19,16,0,7
982,2018,3,19,16,15,7
983,2018,3,19,16,30,7
984,2018,3,19,16,45,7
985,2018,3,19,17,0,7
986,2018,3,19,17,15,7
987,2018,3,19,17,30,7
988,2018,3,19,17,45,7
989,2018,3,19,18,0,7
990,2018,3,19,18,15,7
991,2018,3,19,18,30,7
992,2018,3,19,18,45,7
993,2018,3,19,19,0,7
994,2018,3,19,19,15,7
995,2018,3,19,19,30,7
996,2018,3,19,19,45,7
997,2018,3,19,20,0,7
998,2018,3,19,20,15,7
999,2018,3,19,20,30,7
1000,2018,3,19,20,45,7
1001,2018,3,19,21,0,7
1002,2018,3,19,21,15,7
1003,2018,3,19,21,30,7
1004,2018,3,19,21,45,7
1005,2018,3,19,22,0,7
1006,2018,3,19,22,15,7
1007,2018,3,19,22,30,7
1008,2018,3,19,22,45,7
1009,2018,3,19,23,0,7
1010,2018,3,19,23,15,7
1011,2018,3,19,23,30,7
1012,2018,3,19,23,45,7
1013,2018,3,20,0,0,7
1014,2018,3,20,0,15,7
1015,2018,3,20,0,30,7
1016,2018,3,20,0,45,7
1017,2018,3,20,1,0,7
1018,2018,3,20,1,15,7
1019,2018,3,20,1,30,7
1020,2018,3,20,1,45,7
1021,2018,3,20,2,0,7
1022,2018,3,20,2,15,7
1023,2018,3,20,2,30,7
1024,2018,3,20,2,45,7
1025,2018,3,20,3,0,7
1026,2018,3,20,3,15,7
1027,2018,3,20,3,30,7
1028,2018,3,20,3,45,7
1029,2018,3,20,4,0,7
1030,2018,3,20,4,15,7
1031,2018,3,20,4,30,7
1032,2018,3,20,4,45,7
1033,2018,3,20,5,0,7
1034,2018,3,20,5,15,7
1035,2018,3,20,5,30,7
1036,2018,3,20,5,45,7
1037,2018,3,20,6,0,7
1038,2018,3,20,6,15,7
1039,2018,3,20,6,30,7
1040,2018,3,20,6,45,7
1041,2018,3,20,7,0,7
1042,2018,3,20,7,15,7
1043,2018,3,20,7,30,7
1044,2018,3,20,7,45,7
1045,2018,3,20,8,0,7
1046,2018,3,20,8,15,7
1047,2018,3,20,8,30,7
1048,2018,3,20,8,45,7
1049,2018,3,20,9,0,7
1050,2018,3,20,9,15,7
1051,2018,3,20,9,30,7
1052,2018,3,20,9,45,7
1053,2018,3,20,10,0,7
1054,2018,3,20,10,15,7
1055,2018,3,20,10,30,7
1056,2018,3,20,10,45,7
1057,2018,3,20,11,0,7
1058,2018,3,20,11,15,7
1059,2018,3,20,11,30,7
1060,2018,3,20,11,45,7
1061,2018,3,20,12,0,7
1062,2018,3,20,12,15,7
1063,2018,3,20,12,30,7
1064,2018,3,20,12,45,7
1065,2018,3,20,13,0,7
1066,2018,3,20,13,15,7
1067,2018,3,20,13,30,7
1068,2018,3,20,13,45,7
1069,2018,3,20,14,0,7
1070,2018,3,20,14,15,7
1071,2018,3,20,14,30,7
1072,2018,3,20,14,45,7
1073,2018,3,20,15,0,7
1074,2018,3,20,15,15,7
1075,2018,3,20,15,30,7
1076,2018,3,20,15,45,7
1077,2018,3,20,16,0,7
1078,2018,3,20,16,15,7
1079,2018,3,20,16,30,7
1080,2018,3,20,16,45,7
1081,2018,3,20,17,0,7
1082,2018,3,20,17,15,7
1083,2018,3,20,17,30,7
1084,2018,3,20,17,45,7
1085,2018,3,20,18,0,7
1086,2018,3,20,18,15,7
1087,2018,3,20,18,30,7
1088,2018,3,20,18,45,7
1089,2018,3,20,19,0,7
1090,2018,3,20,19,15,7
1091,2018,3,20,19,30,7
1092,2018,3,20,19,45,7
1093,2018,3,20,20,0,7
1094,2018,3,20,20,15,7
1095,2018,3,20,20,30,7
1096,2018,3,20,20,45,7
1097,2018,3,20,21,0,7
1098,2018,3,20,21,15,7
1099,2018,3,20,21,30,7
1100,2018,3,20,21,45,7
1101,2018,3,20,22,0,7
1102,2018,3,20,22,15,7
1103,2018,3,20,22,30,7
1104,2018,3,20,22,45,7
1105,2018,3,20,23,0,7
1106,2018,3,20,23,15,7
1107,2018,3,20,23,30,7
1108,2018,3,20,23,45,7
1109,2018,3,21,0,0,7
1110,2018,3,21,0,15,7
1111,2018,3,21,0,30,7
1112,2018,3,21,0,45,7
1113,2018,3,21,1,0,7
1114,2018,3,21,1,15,7
1115,2018,3,21,1,30,7
1116,2018,3,21,1,45,7
1117,2018,3,21,2,0,7
1118,2018,3,21,2,15,7
1119,2018,3,21,2,30,7
1120,2018,3,21,2,45,7
1121,2018,3,21,3,0,7.33
1122,2018,3,21,3,15,8.63
1123,2018,3,21,3,30,9.84
1124,2018,3,21,3,45,10.96
1125,2018,3,21,4,0,12
1126,2018,3,21,4,15,12.95
1127,2018,3,21,4,30,13.83
1128,2018,3,21,4,45,14.63
1129,2018,3,21,5,0,15.35
1130,2018,3,21,5,15,16.01
1131,2018,3,21,5,30,16.6
1132,2018,3,21,5,45,17.13
1133,2018,3,21,6,0,17.6
1134,2018,3,21,6,15,18.02
1135,2018,3,21,6,30,18.39
1136,2018,3,21,6,45,18.7
1137,2018,3,21,7,0,18.97
1138,2018,3,21,7,15,19.2
1139,2018,3,21,7,30,19.4
1140,2018,3,21,7,45,19.56
1141,2018,3,21,8,0,19.68
1142,2018,3,21,8,15,19.78
1143,2018,3,21,8,30,19.86
1144,2018,3,21,8,45,19.91
1145,2018,3,21,9,0,19.95
1146,2018,3,21,9,15,19.98
1147,2018,3,21,9,30,19.99
1148,2018,3,21,9,45,20
1149,2018,3,21,10,0,20
1150,2018,3,21,10,15,18
1151,2018,3,21,10,30,18
1152,2018,3,21,10,45,18
1153,2018,3,21,11,0,18
1154,2018,3,21,11,15,18
1155,2018,3,21,11,30,18
1156,2018,3,21,11,45,18
1157,2018,3,21,12,0,18
1158,2018,3,21,12,15,18
1159,2018,3,21,12,30,18
1160,2018,3,21,12,45,18
1161,2018,3,21,13,0,18
1162,2018,3,21,13,15,18
1163,2018,3,21,13,30,18
1164,2018,3,21,13,45,18
1165,2018,3,21,14,0,18
1166,2018,3,21,14,15,18
1167,2018,3,21,14,30,18
1168,2018,3,21,14,45,18
1169,2018,3,21,15,0,18
1170,2018,3,21,15,15,18
1171,2018,3,21,15,30,18
1172,2018,3,21,15,45,18
1173,2018,3,21,16,0,18
1174,2018,3,21,16,15,7
1175,2018,3,21,16,30,7
1176,2018,3,21,16,45,7
1177,2018,3,21,17,0,7
1178,2018,3,21,17,15,7
1179,2018,3,21,17,30,7
1180,2018,3,21,17,45,7
1181,2018,3,21,18,0,7
1182,2018,3,21,18,15,7
1183,2018,3,21,18,30,7
1184,2018,3,21,18,45,7
1185,2018,3,21,19,0,7
1186,2018,3,21,19,15,7
1187,2018,3,21,19,30,7
1188,2018,3,21,19,45,7
1189,2018,3,21,20,0,7
1190,2018,3,21,20,15,7
1191,2018,3,21,20,30,7
1192,2018,3,21,20,45,7
1193,2018,3,21,21,0,7
1194,2018,3,21,21,15,7
1195,2018,3,21,21,30,7
1196,2018,3,21,21,45,7
1197,2018,3,21,22,0,7
1198,2018,3,21,22,15,7
1199,2018,3,21,22,30,7
1200,2018,3,21,22,45,7
1201,2018,3,21,23,0,7
1202,2018,3,21,23,15,7
1203,2018,3,21,23,30,7
1204,2018,3,21,23,45,7
1205,2018,3,22,0,0,7
1206,2018,3,22,0,15,7
1207,2018,3,22,0,30,7
1208,2018,3,22,0,45,7
1209,2018,3,22,1,0,7
1210,2018,3,22,1,15,7
1211,2018,3,22,1,30,7
1212,2018,3,22,1,45,7
1213,2018,3,22,2,0,7
1214,2018,3,22,2,15,7
1215,2018,3,22,2,30,7
1216,2018,3,22,2,45,7
1217,2018,3,22,3,0,7.33
1218,2018,3,22,3,15,8.63
1219,2018,3,22,3,30,9.84
1220,2018,3,22,3,45,10.96
1221,2018,3,22,4,0,12
1222,2018,3,22,4,15,12.95
1223,2018,3,22,4,30,13.83
1224,2018,3,22,4,45,14.63
1225,2018,3,22,5,0,15.35
1226,2018,3,22,5,15,16.01
1227,2018,3,22,5,30,16.6
1228,2018,3,22,5,45,17.13
1229,2018,3,22,6,0,17.6
1230,2018,3,22,6,15,18.02
1231,2018,3,22,6,30,18.39
1232,2018,3,22,6,45,18.7
1233,2018,3,22,7,0,18.97
1234,2018,3,22,7,15,19.2
1235,2018,3,22,7,30,19.4
1236,2018,3,22,7,45,19.56
1237,2018,3,22,8,0,19.68
1238,2018,3,22,8,15,19.78
1239,2018,3,22,8,30,19.86
1240,2018,3,22,8,45,19.91
1241,2018,3,22,9,0,19.95
1242,2018,3,22,9,15,19.98
1243,2018,3,22,9,30,19.99
1244,2018,3,22,9,45,20
1245,2018,3,22,10,0,20
1246,2018,3,22,10,15,18
1247,2018,3,22,10,30,18
1248,2018,3,22,10,45,18
1249,2018,3,22,11,0,18
1250,2018,3,22,11,15,18
1251,2018,3,22,11,30,18
1252,2018,3,22,11,45,18
1253,2018,3,22,12,0,18
1254,2018,3,22,12,15,18
1255,2018,3,22,12,30,18
1256,2018,3,22,12,45,18
1257,2018,3,22,13,0,18
1258,2018,3,22,13,15,18
1259,2018,3,22,13,30,18
1260,2018,3,22,13,45,18
1261,2018,3,22,14,0,18
1262,2018,3,22,14,15,18
1263,2018,3,22,14,30,18
1264,2018,3,22,14,45,18
1265,2018,3,22,15,0,18
1266,2018,3,22,15,15,18
1267,2018,3,22,15,30,18
1268,2018,3,22,15,45,18
1269,2018,3,22,16,0,18
1270,2018,3,22,16,15,7
1271,2018,3,22,16,30,7
1272,2018,3,22,16,45,7
1273,2018,3,22,17,0,7
1274,2018,3,22,17,15,7
1275,2018,3,22,17,30,7
1276,2018,3,22,17,45,7
1277,2018,3,22,18,0,7
1278,2018,3,22,18,15,7
1279,2018,3,22,18,30,7
1280,2018,3,22,18,45,7
1281,2018,3,22,19,0,7
1282,2018,3,22,19,15,7
1283,2018,3,22,19,30,7
1284,2018,3,22,19,45,7
1285,2018,3,22,20,0,7
1286,2018,3,22,20,15,7
1287,2018,3,22,20,30,7
1288,2018,3,22,20,45,7
1289,2018,3,22,21,0,7
1290,2018,3,22,21,15,7
1291,2018,3,22,21,30,7
1292,2018,3,22,21,45,7
1293,2018,3,22,22,0,7
1294,2018,3,22,22,15,7
1295,2018,3,22,22,30,7
1296,2018,3,22,22,45,7
1297,2018,3,22,23,0,7
1298,2018,3,22,23,15,7
1299,2018,3,22,23,30,7
1300,2018,3,22,23,45,7
1301,2018,3,23,0,0,7
1302,2018,3,23,0,15,7
1303,2018,3,23,0,30,7
1304,2018,3,23,0,45,7
1305,2018,3,23,1,0,7
1306,2018,3,23,1,15,7
1307,2018,3,23,1,30,7
1308,2018,3,23,1,45,7
1309,2018,3,23,2,0,7
1310,2018,3,23,2,15,7
1311,2018,3,23,2,30,7
1312,2018,3,23,2,45,7
1313,2018,3,23,3,0,7
1314,2018,3,23,3,15,7
1315,2018,3,23,3,30,7
1316,2018,3,23,3,45,7
1317,2018,3,23,4,0,7
1318,2018,3,23,4,15,7
1319,2018,3,23,4,30,7
1320,2018,3,23,4,45,7
1321,2018,3,23,5,0,7
1322,2018,3,23,5,15,7
1323,2018,3,23,5,30,7
1324,2018,3,23,5,45,7
1325,2018,3,23,6,0,7
1326,2018,3,23,6,15,7
1327,2018,3,23,6,30,7
1328,2018,3,23,6,45,7
1329,2018,3,23,7,0,7
1330,2018,3,23,7,15,7
1331,2018,3,23,7,30,7
1332,2018,3,23,7,45,7
1333,2018,3,23,8,0,7
1334,2018,3,23,8,15,7
1335,2018,3,23,8,30,7
1336,2018,3,23,8,45,7
1337,2018,3,23,9,0,7
1338,2018,3,23,9,15,7
1339,2018,3,23,9,30,7
1340,2018,3,23,9,45,7
1341,2018,3,23,10,0,7
1342,2018,3,23,10,15,7
1343,2018,3,23,10,30,7
1344,2018,3,23,10,45,7
1345,2018,3,23,11,0,7
1346,2018,3,23,11,15,7
1347,2018,3,23,11,30,7
1348,2018,3,23,11,45,7
1349,2018,3,23,12,0,7
1350,2018,3,23,12,15,7
1351,2018,3,23,12,30,7
1352,2018,3,23,12,45,7
1353,2018,3,23,13,0,7
1354,2018,3,23,13,15,7
1355,2018,3,23,13,30,7
1356,2018,3,23,13,45,7
1357,2018,3,23,14,0,7
1358,2018,3,23,14,15,7
1359,2018,3,23,14,30,7
1360,2018,3,23,14,45,7
1361,2018,3,23,15,0,7
1362,2018,3,23,15,15,7
1363,2018,3,23,15,30,7
1364,2018,3,23,15,45,7
1365,2018,3,23,16,0,7
1366,2018,3,23,16,15,7
1367,2018,3,23,16,30,7
1368,2018,3,23,16,45,7
1369,2018,3,23,17,0,7
1370,2018,3,23,17,15,7
1371,2018,3,23,17,30,7
1372,2018,3,23,17,45,7
1373,2018,3,23,18,0,7
1374,2018,3,23,18,15,7
1375,2018,3,23,18,30,7
1376,2018,3,23,18,45,7
1377,2018,3,23,19,0,7
1378,2018,3,23,19,15,7
1379,2018,3,23,19,30,7
1380,2018,3,23,19,45,7
1381,2018,3,23,20,0,7
1382,2018,3,23,20,15,7
1383,2018,3,23,20,30,7
1384,2018,3,23,20,45,7
1385,2018,3,23,21,0,7
1386,2018,3,23,21,15,7
1387,2018,3,23,21,30,7
1388,2018,3,23,21,45,7
1389,2018,3,23,22,0,7
1390,2018,3,23,22,15,7
1391,2018,3,23,22,30,7
1392,2018,3,23,22,45,7
1393,2018,3,23,23,0,7
1394,2018,3,23,23,15,7
1395,2018,3,23,23,30,7
1396,2018,3,23,23,45,7
1397,2018,3,24,0,0,7
1398,2018,3,24,0,15,7
1399,2018,3,24,0,30,7
1400,2018,3,24,0,45,7
1401,2018,3,24,1,0,7
1402,2018,3,24,1,15,7
1403,2018,3,24,1,30,7
1404,2018,3,24,1,45,7
1405,2018,3,24,2,0,7
1406,2018,3,24,2,15,7
1407,2018,3,24,2,30,7
1408,2018,3,24,2,45,7
1409,2018,3,24,3,0,7
1410,2018,3,24,3,15,7
1411,2018,3,24,3,30,7
1412,2018,3,24,3,45,7
1413,2018,3,24,4,0,7
1414,2018,3,24,4,15,7
1415,2018,3,24,4,30,7
1416,2018,3,24,4,45,7
1417,2018,3,24,5,0,7
1418,2018,3,24,5,15,7
1419,2018,3,24,5,30,7
1420,2018,3,24,5,45,7
1421,2018,3,24,6,0,7
1422,2018,3,24,6,15,7
1423,2018,3,24,6,30,7
1424,2018,3,24,6,45,7
1425,2018,3,24,7,0,7
1426,2018,3,24,7,15,7
1427,2018,3,24,7,30,7
1428,2018,3,24,7,45,7
1429,2018,3,24,8,0,7
1430,2018,3,24,8,15,7
1431,2018,3,24,8,30,7
1432,2018,3,24,8,45,7
1433,2018,3,24,9,0,7
1434,2018,3,24,9,15,7
1435,2018,3,24,9,30,7
1436,2018,3,24,9,45,7
1437,2018,3,24,10,0,7
1438,2018,3,24,10,15,7
1439,2018,3,24,10,30,7
1440,2018,3,24,10,45,7
1441,2018,3,24,11,0,7
1442,2018,3,24,11,15,7
1443,2018,3,24,11,30,7
1444,2018,3,24,11,45,7
1445,2018,3,24,12,0,7
1446,2018,3,24,12,15,7
1447,2018,3,24,12,30,7
1448,2018,3,24,12,45,7
1449,2018,3,24,13,0,7
1450,2018,3,24,13,15,7
1451,2018,3,24,13,30,7
1452,2018,3,24,13,45,7
1453,2018,3,24,14,0,7
1454,2018,3,24,14,15,7
1455,2018,3,24,14,30,7
1456,2018,3,24,14,45,7
1457,2018,3,24,15,0,7
1458,2018,3,24,15,15,7
1459,2018,3,24,15,30,7
1460,2018,3,24,15,45,7
1461,2018,3,24,16,0,7
1462,2018,3,24,16,15,7
1463,2018,3,24,16,30,7
1464,2018,3,24,16,45,7
1465,2018,3,24,17,0,7
1466,2018,3,24,17,15,7
1467,2018,3,24,17,30,7
1468,2018,3,24,17,45,7
1469,2018,3,24,18,0,7
1470,2018,3,24,18,15,7
1471,2018,3,24,18,30,7
1472,2018,3,24,18,45,7
1473,2018,3,24,19,0,7
1474,2018,3,24,19,15,7
1475,2018,3,24,19,30,7
1476,2018,3,24,19,45,7
1477,2018,3,24,20,0,7
1478,2018,3,24,20,15,7
1479,2018,3,24,20,30,7
1480,2018,3,24,20,45,7
1481,2018,3,24,21,0,7
1482,2018,3,24,21,15,7
1483,2018,3,24,21,30,7
1484,2018,3,24,21,45,7
1485,2018,3,24,22,0,7
1486,2018,3,24,22,15,7
1487,2018,3,24,22,30,7
1488,2018,3,24,22,45,7
1489,2018,3,24,23,0,7
1490,2018,3,24,23,15,7
1491,2018,3,24,23,30,7
1492,2018,3,24,23,45,7
1493,2018,3,25,0,0,7
1494,2018,3,25,0,15,7
1495,2018,3,25,0,30,7
1496,2018,3,25,0,45,7
1497,2018,3,25,1,0,7
1498,2018,3,25,1,15,7
1499,2018,3,25,1,30,7
1500,2018,3,25,1,45,7
1501,2018,3,25,2,0,7
1502,2018,3,25,2,15,7
1503,2018,3,25,2,30,7
1504,2018,3,25,2,45,7
1505,2018,3,25,3,0,7
1506,2018,3,25,3,15,7
1507,2018,3,25,3,30,7
1508,2018,3,25,3,45,7
1509,2018,3,25,4,0,7
1510,2018,3,25,4,15,7
1511,2018,3,25,4,30,7
1512,2018,3,25,4,45,7
1513,2018,3,25,5,0,7
1514,2018,3,25,5,15,7
1515,2018,3,25,5,30,7
1516,2018,3,25,5,45,7
1517,2018,3,25,6,0,7
1518,2018,3,25,6,15,7
1519,2018,3,25,6,30,7
1520,2018,3,25,6,45,7
1521,2018,3,25,7,0,7
1522,2018,3,25,7,15,7
1523,2018,3,25,7,30,7
1524,2018,3,25,7,45,7
1525,2018,3,25,8,0,7
1526,2018,3,25,8,15,7
1527,2018,3,25,8,30,7
1528,2018,3,25,8,45,7
1529,2018,3,25,9,0,7
1530,2018,3,25,9,15,7
1531,2018,3,25,9,30,7
1532,2018,3,25,9,45,7
1533,2018,3,25,10,0,7
1534,2018,3,25,10,15,7
1535,2018,3,25,10,30,7
1536,2018,3,25,10,45,7
1537,2018,3,25,11,0,7
1538,2018,3,25,11,15,7
1539,2018,3,25,11,30,7
1540,2018,3,25,11,45,7
1541,2018,3,25,12,0,7
1542,2018,3,25,12,15,7
1543,2018,3,25,12,30,7
1544,2018,3,25,12,45,7
1545,2018,3,25,13,0,7
1546,2018,3,25,13,15,7
1547,2018,3,25,13,30,7
1548,2018,3,25,13,45,7
1549,2018,3,25,14,0,7
1550,2018,3,25,14,15,7
1551,2018,3,25,14,30,7
1552,2018,3,25,14,45,7
1553,2018,3,25,15,0,7
1554,2018,3,25,15,15,7
1555,2018,3,25,15,30,7
1556,2018,3,25,15,45,7
1557,2018,3,25,16,0,7
1558,2018,3,25,16,15,7
1559,2018,3,25,16,30,7
1560,2018,3,25,16,45,7
1561,2018,3,25,17,0,7
1562,2018,3,25,17,15,7
1563,2018,3,25,17,30,7
1564,2018,3,25,17,45,7
1565,2018,3,25,18,0,7
1566,2018,3,25,18,15,7
1567,2018,3,25,18,30,7
1568,2018,3,25,18,45,7
1569,2018,3,25,19,0,7
1570,2018,3,25,19,15,7
1571,2018,3,25,19,30,7
1572,2018,3,25,19,45,7
1573,2018,3,25,20,0,7
1574,2018,3,25,20,15,7
1575,2018,3,25,20,30,7
1576,2018,3,25,20,45,7
1577,2018,3,25,21,0,7
1578,2018,3,25,21,15,7
1579,2018,3,25,21,30,7
1580,2018,3,25,21,45,7
1581,2018,3,25,22,0,7
1582,2018,3,25,22,15,7
1583,2018,3,25,22,30,7
1584,2018,3,25,22,45,7
1585,2018,3,25,23,0,7
1586,2018,3,25,23,15,7
1587,2018,3,25,23,30,7
1588,2018,3,25,23,45,7
1589,2018,3,26,0,0,7
1590,2018,3,26,0,15,7
1591,2018,3,26,0,30,7
1592,2018,3,26,0,45,7
1593,2018,3,26,1,0,7
1594,2018,3,26,1,15,7
1595,2018,3,26,1,30,7
1596,2018,3,26,1,45,7
1597,2018,3,26,2,0,7
1598,2018,3,26,2,15,7
1599,2018,3,26,2,30,7
1600,2018,3,26,2,45,7
1601,2018,3,26,3,0,7
1602,2018,3,26,3,15,7
1603,2018,3,26,3,30,7
1604,2018,3,26,3,45,7
1605,2018,3,26,4,0,7
1606,2018,3,26,4,15,7
1607,2018,3,26,4,30,7
1608,2018,3,26,4,45,7
1609,2018,3,26,5,0,7
1610,2018,3,26,5,15,7
1611,2018,3,26,5,30,7
1612,2018,3,26,5,45,7
1613,2018,3,26,6,0,7
1614,2018,3,26,6,15,7
1615,2018,3,26,6,30,7
1616,2018,3,26,6,45,7
1617,2018,3,26,7,0,7
1618,2018,3,26,7,15,7
1619,2018,3,26,7,30,7
1620,2018,3,26,7,45,7
1621,2018,3,26,8,0,7
1622,2018,3,26,8,15,7
1623,2018,3,26,8,30,7
1624,2018,3,26,8,45,7
1625,2018,3,26,9,0,7
1626,2018,3,26,9,15,7
1627,2018,3,26,9,30,7
1628,2018,3,26,9,45,7
1629,2018,3,26,10,0,7
1630,2018,3,26,10,15,7
1631,2018,3,26,10,30,7
1632,2018,3,26,10,45,7
1633,2018,3,26,11,0,7
1634,2018,3,26,11,15,7
1635,2018,3,26,11,30,7
1636,2018,3,26,11,45,7
1637,2018,3,26,12,0,7
1638,2018,3,26,12,15,7
1639,2018,3,26,12,30,7
1640,2018,3,26,12,45,7
1641,2018,3,26,13,0,7
1642,2018,3,26,13,15,7
1643,2018,3,26,13,30,7
1644,2018,3,26,13,45,7
1645,2018,3,26,14,0,7
1646,2018,3,26,14,15,7
1647,2018,3,26,14,30,7
1648,2018,3,26,14,45,7
1649,2018,3,26,15,0,7
1650,2018,3,26,15,15,7
1651,2018,3,26,15,30,7
1652,2018,3,26,15,45,7
1653,2018,3,26,16,0,7
1654,2018,3,26,16,15,7
1655,2018,3,26,16,30,7
1656,2018,3,26,16,45,7
1657,2018,3,26,17,0,7
1658,2018,3,26,17,15,7
1659,2018,3,26,17,30,7
1660,2018,3,26,17,45,7
1661,2018,3,26,18,0,7
1662,2018,3,26,18,15,7
1663,2018,3,26,18,30,7
1664,2018,3,26,18,45,7
1665,2018,3,26,19,0,7
1666,2018,3,26,19,15,7
1667,2018,3,26,19,30,7
1668,2018,3,26,19,45,7
1669,2018,3,26,20,0,7
1670,2018,3,26,20,15,7
1671,2018,3,26,20,30,7
1672,2018,3,26,20,45,7
1673,2018,3,26,21,0,7
1674,2018,3,26,21,15,7
1675,2018,3,26,21,30,7
1676,2018,3,26,21,45,7
1677,2018,3,26,22,0,7
1678,2018,3,26,22,15,7
1679,2018,3,26,22,30,7
1680,2018,3,26,22,45,7
1681,2018,3,26,23,0,7
1682,2018,3,26,23,15,7
1683,2018,3,26,23,30,7
1684,2018,3,26,23,45,7
1685,2018,3,27,0,0,7
1686,2018,3,27,0,15,7
1687,2018,3,27,0,30,7
1688,2018,3,27,0,45,7
1689,2018,3,27,1,0,7
1690,2018,3,27,1,15,7
1691,2018,3,27,1,30,7
1692,2018,3,27,1,45,7
1693,2018,3,27,2,0,7
1694,2018,3,27,2,15,7
1695,2018,3,27,2,30,7
1696,2018,3,27,2,45,7
1697,2018,3,27,3,0,7
1698,2018,3,27,3,15,7
1699,2018,3,27,3,30,7
1700,2018,3,27,3,45,7
1701,2018,3,27,4,0,7
1702,2018,3,27,4,15,7
1703,2018,3,27,4,30,7
1704,2018,3,27,4,45,7
1705,2018,3,27,5,0,7
1706,2018,3,27,5,15,7
1707,2018,3,27,5,30,7
1708,2018,3,27,5,45,7
1709,2018,3,27,6,0,7
1710,2018,3,27,6,15,7
1711,2018,3,27,6,30,7
1712,2018,3,27,6,45,7
1713,2018,3,27,7,0,7
1714,2018,3,27,7,15,7
1715,2018,3,27,7,30,7
1716,2018,3,27,7,45,7
1717,2018,3,27,8,0,7
1718,2018,3,27,8,15,7
1719,2018,3,27,8,30,7
1720,2018,3,27,8,45,7
1721,2018,3,27,9,0,7
1722,2018,3,27,9,15,7
1723,2018,3,27,9,30,7
1724,2018,3,27,9,45,7
1725,2018,3,27,10,0,7
1726,2018,3,27,10,15,7
1727,2018,3,27,10,30,7
1728,2018,3,27,10,45,7
1729,2018,3,27,11,0,7
1730,2018,3,27,11,15,7
1731,2018,3,27,11,30,7
1732,2018,3,27,11,45,7
1733,2018,3,27,12,0,7
1734,2018,3,27,12,15,7
1735,2018,3,27,12,30,7
1736,2018,3,27,12,45,7
1737,2018,3,27,13,0,7
1738,2018,3,27,13,15,7
1739,2018,3,27,13,30,7
1740,2018,3,27,13,45,7
1741,2018,3,27,14,0,7
1742,2018,3,27,14,15,7
1743,2018,3,27,14,30,7
1744,2018,3,27,14,45,7
1745,2018,3,27,15,0,7
1746,2018,3,27,15,15,7
1747,2018,3,27,15,30,7
1748,2018,3,27,15,45,7
1749,2018,3,27,16,0,7
1750,2018,3,27,16,15,7
1751,2018,3,27,16,30,7
1752,2018,3,27,16,45,7
1753,2018,3,27,17,0,7
1754,2018,3,27,17,15,7
1755,2018,3,27,17,30,7
1756,2018,3,27,17,45,7
1757,2018,3,27,18,0,7
1758,2018,3,27,18,15,7
1759,2018,3,27,18,30,7
1760,2018,3,27,18,45,7
1761,2018,3,27,19,0,7
1762,2018,3,27,19,15,7
1763,2018,3,27,19,30,7
1764,2018,3,27,19,45,7
1765,2018,3,27,20,0,7
1766,2018,3,27,20,15,7
1767,2018,3,27,20,30,7
1768,2018,3,27,20,45,7
1769,2018,3,27,21,0,7
1770,2018,3,27,21,15,7
1771,2018,3,27,21,30,7
1772,2018,3,27,21,45,7
1773,2018,3,27,22,0,7
1774,2018,3,27,22,15,7
1775,2018,3,27,22,30,7
1776,2018,3,27,22,45,7
1777,2018,3,27,23,0,7
1778,2018,3,27,23,15,7
1779,2018,3,27,23,30,7
1780,2018,3,27,23,45,7
1781,2018,3,28,0,0,7
1782,2018,3,28,0,15,7
1783,2018,3,28,0,30,7
1784,2018,3,28,0,45,7
1785,2018,3,28,1,0,7
1786,2018,3,28,1,15,7
1787,2018,3,28,1,30,7
1788,2018,3,28,1,45,7
1789,2018,3,28,2,0,7
1790,2018,3,28,2,15,7
1791,2018,3,28,2,30,7
1792,2018,3,28,2,45,7
1793,2018,3,28,3,0,7.33
1794,2018,3,28,3,15,8.63
1795,2018,3,28,3,30,9.84
1796,2018,3,28,3,45,10.96
1797,2018,3,28,4,0,12
1798,2018,3,28,4,15,12.95
1799,2018,3,28,4,30,13.83
1800,2018,3,28,4,45,14.63
1801,2018,3,28,5,0,15.35
1802,2018,3,28,5,15,16.01
1803,2018,3,28,5,30,16.6
1804,2018,3,28,5,45,17.13
1805,2018,3,28,6,0,17.6
1806,2018,3,28,6,15,18.02
1807,2018,3,28,6,30,18.39
1808,2018,3,28,6,45,18.7
1809,2018,3,28,7,0,18.97
1810,2018,3,28,7,15,19.2
1811,2018,3,28,7,30,19.4
1812,2018,3,28,7,45,19.56
1813,2018,3,28,8,0,19.68
1814,2018,3,28,8,15,19.78
1815,2018,3,28,8,30,19.86
1816,2018,3,28,8,45,19.91
1817,2018,3,28,9,0,19.95
1818,2018,3,28,9,15,19.98
1819,2018,3,28,9,30,19.99
1820,2018,3,28,9,45,20
1821,2018,3,28,10,0,20
1822,2018,3,28,10,15,18
1823,2018,3,28,10,30,18
1824,2018,3,28,10,45,18
1825,2018,3,28,11,0,18
1826,2018,3,28,11,15,18
1827,2018,3,28,11,30,18
1828,2018,3,28,11,45,18
1829,2018,3,28,12,0,18
1830,2018,3,28,12,15,18
1831,2018,3,28,12,30,18
1832,2018,3,28,12,45,18
1833,2018,3,28,13,0,18
1834,2018,3,28,13,15,18
1835,2018,3,28,13,30,18
1836,2018,3,28,13,45,18
1837,2018,3,28,14,0,18
1838,2018,3,28,14,15,18
1839,2018,3,28,14,30,18
1840,2018,3,28,14,45,18
1841,2018,3,28,15,0,18
1842,2018,3,28,15,15,18
1843,2018,3,28,15,30,18
1844,2018,3,28,15,45,18
1845,2018,3,28,16,0,18
1846,2018,3,28,16,15,7
1847,2018,3,28,16,30,7
1848,2018,3,28,16,45,7
1849,2018,3,28,17,0,7
1850,2018,3,28,17,15,7
1851,2018,3,28,17,30,7
1852,2018,3,28,17,45,7
1853,2018,3,28,18,0,7
1854,2018,3,28,18,15,7
1855,2018,3,28,18,30,7
1856,2018,3,28,18,45,7
1857,2018,3,28,19,0,7
1858,2018,3,28,19,15,7
1859,2018,3,28,19,30,7
1860,2018,3,28,19,45,7
1861,2018,3,28,20,0,7
1862,2018,3,28,20,15,7
1863,2018,3,28,20,30,7
1864,2018,3,28,20,45,7
1865,2018,3,28,21,0,7
1866,2018,3,28,21,15,7
1867,2018,3,28,21,30,7
1868,2018,3,28,21,45,7
1869,2018,3,28,22,0,7
1870,2018,3,28,22,15,7
1871,2018,3,28,22,30,7
1872,2018,3,28,22,45,7
1873,2018,3,28,23,0,7
1874,2018,3,28,23,15,7
1875,2018,3,28,23,30,7
1876,2018,3,28,23,45,7
1877,2018,3,29,0,0,7
1878,2018,3,29,0,15,7
1879,2018,3,29,0,30,7
1880,2018,3,29,0,45,7
1881,2018,3,29,1,0,7
1882,2018,3,29,1,15,7
1883,2018,3,29,1,30,7
1884,2018,3,29,1,45,7
1885,2018,3,29,2,0,7
1886,2018,3,29,2,15,7
1887,2018,3,29,2,30,7
1888,2018,3,29,2,45,7
1889,2018,3,29,3,0,7.33
1890,2018,3,29,3,15,8.63
1891,2018,3,29,3,30,9.84
1892,2018,3,29,3,45,10.96
1893,2018,3,29,4,0,12
1894,2018,3,29,4,15,12.95
1895,2018,3,29,4,30,13.83
1896,2018,3,29,4,45,14.63
1897,2018,3,29,5,0,15.35
1898,2018,3,29,5,15,16.01
1899,2018,3,29,5,30,16.6
1900,2018,3,29,5,45,17.13
1901,2018,3,29,6,0,17.6
1902,2018,3,29,6,15,18.02
1903,2018,3,29,6,30,18.39
1904,2018,3,29,6,45,18.7
1905,2018,3,29,7,0,18.97
1906,2018,3,29,7,15,19.2
1907,2018,3,29,7,30,19.4
1908,2018,3,29,7,45,19.56
1909,2018,3,29,8,0,19.68
1910,2018,3,29,8,15,19.78
1911,2018,3,29,8,30,19.86
1912,2018,3,29,8,45,19.91
1913,2018,3,29,9,0,19.95
1914,2018,3,29,9,15,19.98
1915,2018,3,29,9,30,19.99
1916,2018,3,29,9,45,20
1917,2018,3,29,10,0,20
1918,2018,3,29,10,15,18
1919,2018,3,29,10,30,18
1920,2018,3,29,10,45,18
1921,2018,3,29,11,0,18
1922,2018,3,29,11,15,18
1923,2018,3,29,11,30,18
1924,2018,3,29,11,45,18
1925,2018,3,29,12,0,18
1926,2018,3,29,12,15,18
1927,2018,3,29,12,30,18
1928,2018,3,29,12,45,18
1929,2018,3,29,13,0,18
1930,2018,3,29,13,15,18
1931,2018,3,29,13,30,18
1932,2018,3,29,13,45,18
1933,2018,3,29,14,0,18
1934,2018,3,29,14,15,18
1935,2018,3,29,14,30,18
1936,2018,3,29,14,45,18
1937,2018,3,29,15,0,18
1938,2018,3,29,15,15,18
1939,2018,3,29,15,30,18
1940,2018,3,29,15,45,18
1941,2018,3,29,16,0,18
1942,2018,3,29,16,15,7
1943,2018,3,29,16,30,7
1944,2018,3,29,16,45,7
1945,2018,3,29,17,0,7
1946,2018,3,29,17,15,7
1947,2018,3,29,17,30,7
1948,2018,3,29,17,45,7
1949,2018,3,29,18,0,7
1950,2018,3,29,18,15,7
1951,2018,3,29,18,30,7
1952,2018,3,29,18,45,7
1953,2018,3,29,19,0,7
1954,2018,3,29,19,15,7
1955,2018,3,29,19,30,7
1956,2018,3,29,19,45,7
1957,2018,3,29,20,0,7
1958,2018,3,29,20,15,7
1959,2018,3,29,20,30,7
1960,2018,3,29,20,45,7
1961,2018,3,29,21,0,7
1962,2018,3,29,21,15,7
1963,2018,3,29,21,30,7
1964,2018,3,29,21,45,7
1965,2018,3,29,22,0,7
1966,2018,3,29,22,15,7
1967,2018,3,29,22,30,7
1968,2018,3,29,22,45,7
1969,2018,3,29,23,0,7
1970,2018,3,29,23,15,7
1971,2018,3,29,23,30,7
1972,2018,3,29,23,45,7
1973,2018,3,30,0,0,7
1974,2018,3,30,0,15,7
1975,2018,3,30,0,30,7
1976,2018,3,30,0,45,7
1977,2018,3,30,1,0,7
1978,2018,3,30,1,15,7
1979,2018,3,30,1,30,7
1980,2018,3,30,1,45,7
1981,2018,3,30,2,0,7
1982,2018,3,30,2,15,7
1983,2018,3,30,2,30,7
1984,2018,3,30,2,45,7
1985,2018,3,30,3,0,7
1986,2018,3,30,3,15,7
1987,2018,3,30,3,30,7
1988,2018,3,30,3,45,7
1989,2018,3,30,4,0,7
1990,2018,3,30,4,15,7
1991,2018,3,30,4,30,7
1992,2018,3,30,4,45,7
1993,2018,3,30,5,0,7
1994,2018,3,30,5,15,7
1995,2018,3,30,5,30,7
1996,2018,3,30,5,45,7
1997,2018,3,30,6,0,7
1998,2018,3,30,6,15,7
1999,2018,3,30,6,30,7
2000,2018,3,30,6,45,7
2001,2018,3,30,7,0,7
2002,2018,3,30,7,15,7
2003,2018,3,30,7,30,7
2004,2018,3,30,7,45,7
2005,2018,3,30,8,0,7
2006,2018,3,30,8,15,7
2007,2018,3,30,8,30,7
2008,2018,3,30,8,45,7
2009,2018,3,30,9,0,7
2010,2018,3,30,9,15,7
2011,2018,3,30,9,30,7
2012,2018,3,30,9,45,7
2013,2018,3,30,10,0,7
2014,2018,3,30,10,15,7
2015,2018,3,30,10,30,7
2016,2018,3,30,10,45,7
2017,2018,3,30,11,0,7
2018,2018,3,30,11,15,7
2019,2018,3,30,11,30,7
2020,2018,3,30,11,45,7
2021,2018,3,30,12,0,7
2022,2018,3,30,12,15,7
2023,2018,3,30,12,30,7
2024,2018,3,30,12,45,7
2025,2018,3,30,13,0,7
2026,2018,3,30,13,15,7
2027,2018,3,30,13,30,7
2028,2018,3,30,13,45,7
2029,2018,3,30,14,0,7
2030,2018,3,30,14,15,7
2031,2018,3,30,14,30,7
2032,2018,3,30,14,45,7
2033,2018,3,30,15,0,7
2034,2018,3,30,15,15,7
2035,2018,3,30,15,30,7
2036,2018,3,30,15,45,7
2037,2018,3,30,16,0,7
2038,2018,3,30,16,15,7
2039,2018,3,30,16,30,7
2040,2018,3,30,16,45,7
2041,2018,3,30,17,0,7
2042,2018,3,30,17,15,7
2043,2018,3,30,17,30,7
2044,2018,3,30,17,45,7
2045,2018,3,30,18,0,7
2046,2018,3,30,18,15,7
2047,2018,3,30,18,30,7
2048,2018,3,30,18,45,7
2049,2018,3,30,19,0,7
2050,2018,3,30,19,15,7
2051,2018,3,30,19,30,7
2052,2018,3,30,19,45,7
2053,2018,3,30,20,0,7
2054,2018,3,30,20,15,7
2055,2018,3,30,20,30,7
2056,2018,3,30,20,45,7
2057,2018,3,30,21,0,7
2058,2018,3,30,21,15,7
2059,2018,3,30,21,30,7
2060,2018,3,30,21,45,7
2061,2018,3,30,22,0,7
2062,2018,3,30,22,15,7
2063,2018,3,30,22,30,7
2064,2018,3,30,22,45,7
2065,2018,3,30,23,0,7
2066,2018,3,30,23,15,7
2067,2018,3,30,23,30,7
2068,2018,3,30,23,45,7
2069,2018,3,31,0,0,7
2070,2018,3,31,0,15,7
2071,2018,3,31,0,30,7
2072,2018,3,31,0,45,7
2073,2018,3,31,1,0,7
2074,2018,3,31,1,15,7
2075,2018,3,31,1,30,7
2076,2018,3,31,1,45,7
2077,2018,3,31,2,0,7
2078,2018,3,31,2,15,7
2079,2018,3,31,2,30,7
2080,2018,3,31,2,45,7
2081,2018,3,31,3,0,7
2082,2018,3,31,3,15,7
2083,2018,3,31,3,30,7
2084,2018,3,31,3,45,7
2085,2018,3,31,4,0,7
2086,2018,3,31,4,15,7
2087,2018,3,31,4,30,7
2088,2018,3,31,4,45,7
2089,2018,3,31,5,0,7
2090,2018,3,31,5,15,7
2091,2018,3,31,5,30,7
2092,2018,3,31,5,45,7
2093,2018,3,31,6,0,7
2094,2018,3,31,6,15,7
2095,2018,3,31,6,30,7
2096,2018,3,31,6,45,7
2097,2018,3,31,7,0,7
2098,2018,3,31,7,15,7
2099,2018,3,31,7,30,7
2100,2018,3,31,7,45,7
2101,2018,3,31,8,0,7
2102,2018,3,31,8,15,7
2103,2018,3,31,8,30,7
2104,2018,3,31,8,45,7
2105,2018,3,31,9,0,7
2106,2018,3,31,9,15,7
2107,2018,3,31,9,30,7
2108,2018,3,31,9,45,7
2109,2018,3,31,10,0,7
2110,2018,3,31,10,15,7
2111,2018,3,31,10,30,7
2112,2018,3,31,10,45,7
2113,2018,3,31,11,0,7
2114,2018,3,31,11,15,7
2115,2018,3,31,11,30,7
2116,2018,3,31,11,45,7
2117,2018,3,31,12,0,7
2118,2018,3,31,12,15,7
2119,2018,3,31,12,30,7
2120,2018,3,31,12,45,7
2121,2018,3,31,13,0,7
2122,2018,3,31,13,15,7
2123,2018,3,31,13,30,7
2124,2018,3,31,13,45,7
2125,2018,3,31,14,0,7
2126,2018,3,31,14,15,7
2127,2018,3,31,14,30,7
2128,2018,3,31,14,45,7
2129,2018,3,31,15,0,7
2130,2018,3,31,15,15,7
2131,2018,3,31,15,30,7
2132,2018,3,31,15,45,7
2133,2018,3,31,16,0,7
2134,2018,3,31,16,15,7
2135,2018,3,31,16,30,7
2136,2018,3,31,16,45,7
2137,2018,3,31,17,0,7
2138,2018,3,31,17,15,7
2139,2018,3,31,17,30,7
2140,2018,3,31,17,45,7
2141,2018,3,31,18,0,7
2142,2018,3,31,18,15,7
2143,2018,3,31,18,30,7
2144,2018,3,31,18,45,7
2145,2018,3,31,19,0,7
2146,2018,3,31,19,15,7
2147,2018,3,31,19,30,7
2148,2018,3,31,19,45,7
2149,2018,3,31,20,0,7
2150,2018,3,31,20,15,7
2151,2018,3,31,20,30,7
2152,2018,3,31,20,45,7
2153,2018,3,31,21,0,7
2154,2018,3,31,21,15,7
2155,2018,3,31,21,30,7
2156,2018,3,31,21,45,7
2157,2018,3,31,22,0,7
2158,2018,3,31,22,15,7
2159,2018,3,31,22,30,7
2160,2018,3,31,22,45,7
2161,2018,3,31,23,0,7
2162,2018,3,31,23,15,7
2163,2018,3,31,23,30,7
2164,2018,3,31,23,45,7
2165,2018,4,1,0,0,7
2166,2018,4,1,0,15,7
2167,2018,4,1,0,30,7
2168,2018,4,1,0,45,7
2169,2018,4,1,1,0,7
2170,2018,4,1,1,15,7
2171,2018,4,1,1,30,7
2172,2018,4,1,1,45,7
2173,2018,4,1,2,0,7
2174,2018,4,1,2,15,7
2175,2018,4,1,2,30,7
2176,2018,4,1,2,45,7
2177,2018,4,1,3,0,7
2178,2018,4,1,3,15,7
2179,2018,4,1,3,30,7
2180,2018,4,1,3,45,7
2181,2018,4,1,4,0,7
2182,2018,4,1,4,15,7
2183,2018,4,1,4,30,7
2184,2018,4,1,4,45,7
2185,2018,4,1,5,0,7
2186,2018,4,1,5,15,7
2187,2018,4,1,5,30,7
2188,2018,4,1,5,45,7
2189,2018,4,1,6,0,7
2190,2018,4,1,6,15,7
2191,2018,4,1,6,30,7
2192,2018,4,1,6,45,7
2193,2018,4,1,7,0,7
2194,2018,4,1,7,15,7
2195,2018,4,1,7,30,7
2196,2018,4,1,7,45,7
2197,2018,4,1,8,0,7
2198,2018,4,1,8,15,7
2199,2018,4,1,8,30,7
2200,2018,4,1,8,45,7
2201,2018,4,1,9,0,7
2202,2018,4,1,9,15,7
2203,2018,4,1,9,30,7
2204,2018,4,1,9,45,7
2205,2018,4,1,10,0,7
2206,2018,4,1,10,15,7
2207,2018,4,1,10,30,7
2208,2018,4,1,10,45,7
2209,2018,4,1,11,0,7
2210,2018,4,1,11,15,7
2211,2018,4,1,11,30,7
2212,2018,4,1,11,45,7
2213,2018,4,1,12,0,7
2214,2018,4,1,12,15,7
2215,2018,4,1,12,30,7
2216,2018,4,1,12,45,7
2217,2018,4,1,13,0,7
2218,2018,4,1,13,15,7
2219,2018,4,1,13,30,7
2220,2018,4,1,13,45,7
2221,2018,4,1,14,0,7
2222,2018,4,1,14,15,7
2223,2018,4,1,14,30,7
2224,2018,4,1,14,45,7
2225,2018,4,1,15,0,7
2226,2018,4,1,15,15,7
2227,2018,4,1,15,30,7
2228,2018,4,1,15,45,7
2229,2018,4,1,16,0,7
2230,2018,4,1,16,15,7
2231,2018,4,1,16,30,7
2232,2018,4,1,16,45,7
2233,2018,4,1,17,0,7
2234,2018,4,1,17,15,7
2235,2018,4,1,17,30,7
2236,2018,4,1,17,45,7
2237,2018,4,1,18,0,7
2238,2018,4,1,18,15,7
2239,2018,4,1,18,30,7
2240,2018,4,1,18,45,7
2241,2018,4,1,19,0,7
2242,2018,4,1,19,15,7
2243,2018,4,1,19,30,7
2244,2018,4,1,19,45,7
2245,2018,4,1,20,0,7
2246,2018,4,1,20,15,7
2247,2018,4,1,20,30,7
2248,2018,4,1,20,45,7
2249,2018,4,1,21,0,7
2250,2018,4,1,21,15,7
2251,2018,4,1,21,30,7
2252,2018,4,1,21,45,7
2253,2018,4,1,22,0,7
2254,2018,4,1,22,15,7
2255,2018,4,1,22,30,7
2256,2018,4,1,22,45,7
2257,2018,4,1,23,0,7
2258,2018,4,1,23,15,7
2259,2018,4,1,23,30,7
2260,2018,4,1,23,45,7
2261,2018,4,2,0,0,7
2262,2018,4,2,0,15,7
2263,2018,4,2,0,30,7
2264,2018,4,2,0,45,7
2265,2018,4,2,1,0,7
2266,2018,4,2,1,15,7
2267,2018,4,2,1,30,7
2268,2018,4,2,1,45,7
2269,2018,4,2,2,0,7
2270,2018,4,2,2,15,7
2271,2018,4,2,2,30,7
2272,2018,4,2,2,45,7
2273,2018,4,2,3,0,7
2274,2018,4,2,3,15,7
2275,2018,4,2,3,30,7
2276,2018,4,2,3,45,7
2277,2018,4,2,4,0,7
2278,2018,4,2,4,15,7
2279,2018,4,2,4,30,7
2280,2018,4,2,4,45,7
2281,2018,4,2,5,0,7
2282,2018,4,2,5,15,7
2283,2018,4,2,5,30,7
2284,2018,4,2,5,45,7
2285,2018,4,2,6,0,7
2286,2018,4,2,6,15,7
2287,2018,4,2,6,30,7
2288,2018,4,2,6,45,7
2289,2018,4,2,7,0,7
2290,2018,4,2,7,15,7
2291,2018,4,2,7,30,7
2292,2018,4,2,7,45,7
2293,2018,4,2,8,0,7
2294,2018,4,2,8,15,7
2295,2018,4,2,8,30,7
2296,2018,4,2,8,45,7
2297,2018,4,2,9,0,7
2298,2018,4,2,9,15,7
2299,2018,4,2,9,30,7
2300,2018,4,2,9,45,7
2301,2018,4,2,10,0,7
2302,2018,4,2,10,15,7
2303,2018,4,2,10,30,7
2304,2018,4,2,10,45,7
2305,2018,4,2,11,0,7
2306,2018,4,2,11,15,7
2307,2018,4,2,11,30,7
2308,2018,4,2,11,45,7
2309,2018,4,2,12,0,7
2310,2018,4,2,12,15,7
2311,2018,4,2,12,30,7
2312,2018,4,2,12,45,7
2313,2018,4,2,13,0,7
2314,2018,4,2,13,15,7
2315,2018,4,2,13,30,7
2316,2018,4,2,13,45,7
2317,2018,4,2,14,0,7
2318,2018,4,2,14,15,7
2319,2018,4,2,14,30,7
2320,2018,4,2,14,45,7
2321,2018,4,2,15,0,7
2322,2018,4,2,15,15,7
2323,2018,4,2,15,30,7
2324,2018,4,2,15,45,7
2325,2018,4,2,16,0,7
2326,2018,4,2,16,15,7
2327,2018,4,2,16,30,7
2328,2018,4,2,16,45,7
2329,2018,4,2,17,0,7
2330,2018,4,2,17,15,7
2331,2018,4,2,17,30,7
2332,2018,4,2,17,45,7
2333,2018,4,2,18,0,7
2334,2018,4,2,18,15,7
2335,2018,4,2,18,30,7
2336,2018,4,2,18,45,7
2337,2018,4,2,19,0,7
2338,2018,4,2,19,15,7
2339,2018,4,2,19,30,7
2340,2018,4,2,19,45,7
2341,2018,4,2,20,0,7
2342,2018,4,2,20,15,7
2343,2018,4,2,20,30,7
2344,2018,4,2,20,45,7
2345,2018,4,2,21,0,7
2346,2018,4,2,21,15,7
2347,2018,4,2,21,30,7
2348,2018,4,2,21,45,7
2349,2018,4,2,22,0,7
2350,2018,4,2,22,15,7
2351,2018,4,2,22,30,7
2352,2018,4,2,22,45,7
2353,2018,4,2,23,0,7
2354,2018,4,2,23,15,7
2355,2018,4,2,23,30,7
2356,2018,4,2,23,45,7
2357,2018,4,3,0,0,7
2358,2018,4,3,0,15,7
2359,2018,4,3,0,30,7
2360,2018,4,3,0,45,7
2361,2018,4,3,1,0,7
2362,2018,4,3,1,15,7
2363,2018,4,3,1,30,7
2364,2018,4,3,1,45,7
2365,2018,4,3,2,0,7
2366,2018,4,3,2,15,7
2367,2018,4,3,2,30,7
2368,2018,4,3,2,45,7
2369,2018,4,3,3,0,7
2370,2018,4,3,3,15,7
2371,2018,4,3,3,30,7
2372,2018,4,3,3,45,7
2373,2018,4,3,4,0,7
2374,2018,4,3,4,15,7
2375,2018,4,3,4,30,7
2376,2018,4,3,4,45,7
2377,2018,4,3,5,0,7
2378,2018,4,3,5,15,7
2379,2018,4,3,5,30,7
2380,2018,4,3,5,45,7
2381,2018,4,3,6,0,7
2382,2018,4,3,6,15,7
2383,2018,4,3,6,30,7
2384,2018,4,3,6,45,7
2385,2018,4,3,7,0,7
2386,2018,4,3,7,15,7
2387,2018,4,3,7,30,7
2388,2018,4,3,7,45,7
2389,2018,4,3,8,0,7
2390,2018,4,3,8,15,7
2391,2018,4,3,8,30,7
2392,2018,4,3,8,45,7
2393,2018,4,3,9,0,7
2394,2018,4,3,9,15,7
2395,2018,4,3,9,30,7
2396,2018,4,3,9,45,7
2397,2018,4,3,10,0,7
2398,2018,4,3,10,15,7
2399,2018,4,3,10,30,7
2400,2018,4,3,10,45,7
2401,2018,4,3,11,0,7
2402,2018,4,3,11,15,7
2403,2018,4,3,11,30,7
2404,2018,4,3,11,45,7
2405,2018,4,3,12,0,7
2406,2018,4,3,12,15,7
2407,2018,4,3,12,30,7
2408,2018,4,3,12,45,7
2409,2018,4,3,13,0,7
2410,2018,4,3,13,15,7
2411,2018,4,3,13,30,7
2412,2018,4,3,13,45,7
2413,2018,4,3,14,0,7
2414,2018,4,3,14,15,7
2415,2018,4,3,14,30,7
2416,2018,4,3,14,45,7
2417,2018,4,3,15,0,7
2418,2018,4,3,15,15,7
2419,2018,4,3,15,30,7
2420,2018,4,3,15,45,7
2421,2018,4,3,16,0,7
2422,2018,4,3,16,15,7
2423,2018,4,3,16,30,7
2424,2018,4,3,16,45,7
2425,2018,4,3,17,0,7
2426,2018,4,3,17,15,7
2427,2018,4,3,17,30,7
2428,2018,4,3,17,45,7
2429,2018,4,3,18,0,7
2430,2018,4,3,18,15,7
2431,2018,4,3,18,30,7
2432,2018,4,3,18,45,7
2433,2018,4,3,19,0,7
2434,2018,4,3,19,15,7
2435,2018,4,3,19,30,7
2436,2018,4,3,19,45,7
2437,2018,4,3,20,0,7
2438,2018,4,3,20,15,7
2439,2018,4,3,20,30,7
2440,2018,4,3,20,45,7
2441,2018,4,3,21,0,7
2442,2018,4,3,21,15,7
2443,2018,4,3,21,30,7
2444,2018,4,3,21,45,7
2445,2018,4,3,22,0,7
2446,2018,4,3,22,15,7
2447,2018,4,3,22,30,7
2448,2018,4,3,22,45,7
2449,2018,4,3,23,0,7
2450,2018,4,3,23,15,7
2451,2018,4,3,23,30,7
2452,2018,4,3,23,45,7
2453,2018,4,4,0,0,7
2454,2018,4,4,0,15,7
2455,2018,4,4,0,30,7
2456,2018,4,4,0,45,7
2457,2018,4,4,1,0,7
2458,2018,4,4,1,15,7
2459,2018,4,4,1,30,7
2460,2018,4,4,1,45,7
2461,2018,4,4,2,0,7
2462,2018,4,4,2,15,7
2463,2018,4,4,2,30,7
2464,2018,4,4,2,45,7
2465,2018,4,4,3,0,7.33
2466,2018,4,4,3,15,8.63
2467,2018,4,4,3,30,9.84
2468,2018,4,4,3,45,10.96
2469,2018,4,4,4,0,12
2470,2018,4,4,4,15,12.95
2471,2018,4,4,4,30,13.83
2472,2018,4,4,4,45,14.63
2473,2018,4,4,5,0,15.35
2474,2018,4,4,5,15,16.01
2475,2018,4,4,5,30,16.6
2476,2018,4,4,5,45,17.13
2477,2018,4,4,6,0,17.6
2478,2018,4,4,6,15,18.02
2479,2018,4,4,6,30,18.39
2480,2018,4,4,6,45,18.7
2481,2018,4,4,7,0,18.97
2482,2018,4,4,7,15,19.2
2483,2018,4,4,7,30,19.4
2484,2018,4,4,7,45,19.56
2485,2018,4,4,8,0,19.68
2486,2018,4,4,8,15,19.78
2487,2018,4,4,8,30,19.86
2488,2018,4,4,8,45,19.91
2489,2018,4,4,9,0,19.95
2490,2018,4,4,9,15,19.98
2491,2018,4,4,9,30,19.99
2492,2018,4,4,9,45,20
2493,2018,4,4,10,0,20
2494,2018,4,4,10,15,18
2495,2018,4,4,10,30,18
2496,2018,4,4,10,45,18
2497,2018,4,4,11,0,18
2498,2018,4,4,11,15,18
2499,2018,4,4,11,30,18
2500,2018,4,4,11,45,18
2501,2018,4,4,12,0,18
2502,2018,4,4,12,15,18
2503,2018,4,4,12,30,18
2504,2018,4,4,12,45,18
2505,2018,4,4,13,0,18
2506,2018,4,4,13,15,18
2507,2018,4,4,13,30,18
2508,2018,4,4,13,45,18
2509,2018,4,4,14,0,18
2510,2018,4,4,14,15,18
2511,2018,4,4,14,30,18
2512,2018,4,4,14,45,18
2513,2018,4,4,15,0,18
2514,2018,4,4,15,15,18
2515,2018,4,4,15,30,18
2516,2018,4,4,15,45,18
2517,2018,4,4,16,0,18
2518,2018,4,4,16,15,7
2519,2018,4,4,16,30,7
2520,2018,4,4,16,45,7
2521,2018,4,4,17,0,7
2522,2018,4,4,17,15,7
2523,2018,4,4,17,30,7
2524,2018,4,4,17,45,7
2525,2018,4,4,18,0,7
2526,2018,4,4,18,15,7
2527,2018,4,4,18,30,7
2528,2018,4,4,18,45,7
2529,2018,4,4,19,0,7
2530,2018,4,4,19,15,7
2531,2018,4,4,19,30,7
2532,2018,4,4,19,45,7
2533,2018,4,4,20,0,7
2534,2018,4,4,20,15,7
2535,2018,4,4,20,30,7
2536,2018,4,4,20,45,7
2537,2018,4,4,21,0,7
2538,2018,4,4,21,15,7
2539,2018,4,4,21,30,7
2540,2018,4,4,21,45,7
2541,2018,4,4,22,0,7
2542,2018,4,4,22,15,7
2543,2018,4,4,22,30,7
2544,2018,4,4,22,45,7
2545,2018,4,4,23,0,7
2546,2018,4,4,23,15,7
2547,2018,4,4,23,30,7
2548,2018,4,4,23,45,7
2549,2018,4,5,0,0,7
2550,2018,4,5,0,15,7
2551,2018,4,5,0,30,7
2552,2018,4,5,0,45,7
2553,2018,4,5,1,0,7
2554,2018,4,5,1,15,7
2555,2018,4,5,1,30,7
2556,2018,4,5,1,45,7
2557,2018,4,5,2,0,7
2558,2018,4,5,2,15,7
2559,2018,4,5,2,30,7
2560,2018,4,5,2,45,7
2561,2018,4,5,3,0,7.33
2562,2018,4,5,3,15,8.63
2563,2018,4,5,3,30,9.84
2564,2018,4,5,3,45,10.96
2565,2018,4,5,4,0,12
2566,2018,4,5,4,15,12.95
2567,2018,4,5,4,30,13.83
2568,2018,4,5,4,45,14.63
2569,2018,4,5,5,0,15.35
2570,2018,4,5,5,15,16.01
2571,2018,4,5,5,30,16.6
2572,2018,4,5,5,45,17.13
2573,2018,4,5,6,0,17.6
2574,2018,4,5,6,15,18.02
2575,2018,4,5,6,30,18.39
2576,2018,4,5,6,45,18.7
2577,2018,4,5,7,0,18.97
2578,2018,4,5,7,15,19.2
2579,2018,4,5,7,30,19.4
2580,2018,4,5,7,45,19.56
2581,2018,4,5,8,0,19.68
2582,2018,4,5,8,15,19.78
2583,2018,4,5,8,30,19.86
2584,2018,4,5,8,45,19.91
2585,2018,4,5,9,0,19.95
2586,2018,4,5,9,15,19.98
2587,2018,4,5,9,30,19.99
2588,2018,4,5,9,45,20
2589,2018,4,5,10,0,20
2590,2018,4,5,10,15,18
2591,2018,4,5,10,30,18
2592,2018,4,5,10,45,18
2593,2018,4,5,11,0,18
2594,2018,4,5,11,15,18
2595,2018,4,5,11,30,18
2596,2018,4,5,11,45,18
2597,2018,4,5,12,0,18
2598,2018,4,5,12,15,18
2599,2018,4,5,12,30,18
2600,2018,4,5,12,45,18
2601,2018,4,5,13,0,18
2602,2018,4,5,13,15,18
2603,2018,4,5,13,30,18
2604,2018,4,5,13,45,18
2605,2018,4,5,14,0,18
2606,2018,4,5,14,15,18
2607,2018,4,5,14,30,18
2608,2018,4,5,14,45,18
2609,2018,4,5,15,0,18
2610,2018,4,5,15,15,18
2611,2018,4,5,15,30,18
2612,2018,4,5,15,45,18
2613,2018,4,5,16,0,18
2614,2018,4,5,16,15,7
2615,2018,4,5,16,30,7
2616,2018,4,5,16,45,7
2617,2018,4,5,17,0,7
2618,2018,4,5,17,15,7
2619,2018,4,5,17,30,7
2620,2018,4,5,17,45,7
2621,2018,4,5,18,0,7
2622,2018,4,5,18,15,7
2623,2018,4,5,18,30,7
2624,2018,4,5,18,45,7
2625,2018,4,5,19,0,7
2626,2018,4,5,19,15,7
2627,2018,4,5,19,30,7
2628,2018,4,5,19,45,7
2629,2018,4,5,20,0,7
2630,2018,4,5,20,15,7
2631,2018,4,5,20,30,7
2632,2018,4,5,20,45,7
2633,2018,4,5,21,0,7
2634,2018,4,5,21,15,7
2635,2018,4,5,21,30,7
2636,2018,4,5,21,45,7
2637,2018,4,5,22,0,7
2638,2018,4,5,22,15,7
2639,2018,4,5,22,30,7
2640,2018,4,5,22,45,7
2641,2018,4,5,23,0,7
2642,2018,4,5,23,15,7
2643,2018,4,5,23,30,7
2644,2018,4,5,23,45,7
2645,2018,4,6,0,0,7
2646,2018,4,6,0,15,7
2647,2018,4,6,0,30,7
2648,2018,4,6,0,45,7
2649,2018,4,6,1,0,7
2650,2018,4,6,1,15,7
2651,2018,4,6,1,30,7
2652,2018,4,6,1,45,7
2653,2018,4,6,2,0,7
2654,2018,4,6,2,15,7
2655,2018,4,6,2,30,7
2656,2018,4,6,2,45,7
2657,2018,4,6,3,0,7
2658,2018,4,6,3,15,7
2659,2018,4,6,3,30,7
2660,2018,4,6,3,45,7
2661,2018,4,6,4,0,7
2662,2018,4,6,4,15,7
2663,2018,4,6,4,30,7
2664,2018,4,6,4,45,7
2665,2018,4,6,5,0,7
2666,2018,4,6,5,15,7
2667,2018,4,6,5,30,7
2668,2018,4,6,5,45,7
2669,2018,4,6,6,0,7
2670,2018,4,6,6,15,7
2671,2018,4,6,6,30,7
2672,2018,4,6,6,45,7
2673,2018,4,6,7,0,7
2674,2018,4,6,7,15,7
2675,2018,4,6,7,30,7
2676,2018,4,6,7,45,7
2677,2018,4,6,8,0,7
2678,2018,4,6,8,15,7
2679,2018,4,6,8,30,7
2680,2018,4,6,8,45,7
2681,2018,4,6,9,0,7
2682,2018,4,6,9,15,7
2683,2018,4,6,9,30,7
2684,2018,4,6,9,45,7
2685,2018,4,6,10,0,7
2686,2018,4,6,10,15,7
2687,2018,4,6,10,30,7
2688,2018,4,6,10,45,7
2689,2018,4,6,11,0,7
2690,2018,4,6,11,15,7
2691,2018,4,6,11,30,7
2692,2018,4,6,11,45,7
2693,2018,4,6,12,0,7
2694,2018,4,6,12,15,7
2695,2018,4,6,12,30,7
2696,2018,4,6,12,45,7
2697,2018,4,6,13,0,7
2698,2018,4,6,13,15,7
2699,2018,4,6,13,30,7
2700,2018,4,6,13,45,7
2701,2018,4,6,14,0,7
2702,2018,4,6,14,15,7
2703,2018,4,6,14,30,7
2704,2018,4,6,14,45,7
2705,2018,4,6,15,0,7
2706,2018,4,6,15,15,7
2707,2018,4,6,15,30,7
2708,2018,4,6,15,45,7
2709,2018,4,6,16,0,7
2710,2018,4,6,16,15,7
2711,2018,4,6,16,30,7
2712,2018,4,6,16,45,7
2713,2018,4,6,17,0,7
2714,2018,4,6,17,15,7
2715,2018,4,6,17,30,7
2716,2018,4,6,17,45,7
2717,2018,4,6,18,0,7
2718,2018,4,6,18,15,7
2719,2018,4,6,18,30,7
2720,2018,4,6,18,45,7
2721,2018,4,6,19,0,7
2722,2018,4,6,19,15,7
2723,2018,4,6,19,30,7
2724,2018,4,6,19,45,7
2725,2018,4,6,20,0,7
2726,2018,4,6,20,15,7
2727,2018,4,6,20,30,7
2728,2018,4,6,20,45,7
2729,2018,4,6,21,0,7
2730,2018,4,6,21,15,7
2731,2018,4,6,21,30,7
2732,2018,4,6,21,45,7
2733,2018,4,6,22,0,7
2734,2018,4,6,22,15,7
2735,2018,4,6,22,30,7
2736,2018,4,6,22,45,7
2737,2018,4,6,23,0,7
2738,2018,4,6,23,15,7
2739,2018,4,6,23,30,7
2740,2018,4,6,23,45,7
2741,2018,4,7,0,0,7
2742,2018,4,7,0,15,7
2743,2018,4,7,0,30,7
2744,2018,4,7,0,45,7
2745,2018,4,7,1,0,7
2746,2018,4,7,1,15,7
2747,2018,4,7,1,30,7
2748,2018,4,7,1,45,7
2749,2018,4,7,2,0,7
2750,2018,4,7,2,15,7
2751,2018,4,7,2,30,7
2752,2018,4,7,2,45,7
2753,2018,4,7,3,0,7
2754,2018,4,7,3,15,7
2755,2018,4,7,3,30,7
2756,2018,4,7,3,45,7
2757,2018,4,7,4,0,7
2758,2018,4,7,4,15,7
2759,2018,4,7,4,30,7
2760,2018,4,7,4,45,7
2761,2018,4,7,5,0,7
2762,2018,4,7,5,15,7
2763,2018,4,7,5,30,7
2764,2018,4,7,5,45,7
2765,2018,4,7,6,0,7
2766,2018,4,7,6,15,7
2767,2018,4,7,6,30,7
2768,2018,4,7,6,45,7
2769,2018,4,7,7,0,7
2770,2018,4,7,7,15,7
2771,2018,4,7,7,30,7
2772,2018,4,7,7,45,7
2773,2018,4,7,8,0,7
2774,2018,4,7,8,15,7
2775,2018,4,7,8,30,7
2776,2018,4,7,8,45,7
2777,2018,4,7,9,0,7
2778,2018,4,7,9,15,7
2779,2018,4,7,9,30,7
2780,2018,4,7,9,45,7
2781,2018,4,7,10,0,7
2782,2018,4,7,10,15,7
2783,2018,4,7,10,30,7
2784,2018,4,7,10,45,7
2785,2018,4,7,11,0,7
2786,2018,4,7,11,15,7
2787,2018,4,7,11,30,7
2788,2018,4,7,11,45,7
2789,2018,4,7,12,0,7
2790,2018,4,7,12,15,7
2791,2018,4,7,12,30,7
2792,2018,4,7,12,45,7
2793,2018,4,7,13,0,7
2794,2018,4,7,13,15,7
2795,2018,4,7,13,30,7
2796,2018,4,7,13,45,7
2797,2018,4,7,14,0,7
2798,2018,4,7,14,15,7
2799,2018,4,7,14,30,7
2800,2018,4,7,14,45,7
2801,2018,4,7,15,0,7
2802,2018,4,7,15,15,7
2803,2018,4,7,15,30,7
2804,2018,4,7,15,45,7
2805,2018,4,7,16,0,7
2806,2018,4,7,16,15,7
2807,2018,4,7,16,30,7
2808,2018,4,7,16,45,7
2809,2018,4,7,17,0,7
2810,2018,4,7,17,15,7
2811,2018,4,7,17,30,7
2812,2018,4,7,17,45,7
2813,2018,4,7,18,0,7
2814,2018,4,7,18,15,7
2815,2018,4,7,18,30,7
2816,2018,4,7,18,45,7
2817,2018,4,7,19,0,7
2818,2018,4,7,19,15,7
2819,2018,4,7,19,30,7
2820,2018,4,7,19,45,7
2821,2018,4,7,20,0,7
2822,2018,4,7,20,15,7
2823,2018,4,7,20,30,7
2824,2018,4,7,20,45,7
2825,2018,4,7,21,0,7
2826,2018,4,7,21,15,7
2827,2018,4,7,21,30,7
2828,2018,4,7,21,45,7
2829,2018,4,7,22,0,7
2830,2018,4,7,22,15,7
2831,2018,4,7,22,30,7
2832,2018,4,7,22,45,7
2833,2018,4,7,23,0,7
2834,2018,4,7,23,15,7
2835,2018,4,7,23,30,7
2836,2018,4,7,23,45,7
2837,2018,4,8,0,0,7
2838,2018,4,8,0,15,7
2839,2018,4,8,0,30,7
2840,2018,4,8,0,45,7
2841,2018,4,8,1,0,7
2842,2018,4,8,1,15,7
2843,2018,4,8,1,30,7
2844,2018,4,8,1,45,7
2845,2018,4,8,2,0,7
2846,2018,4,8,2,15,7
2847,2018,4,8,2,30,7
2848,2018,4,8,2,45,7
2849,2018,4,8,3,0,7
2850,2018,4,8,3,15,7
2851,2018,4,8,3,30,7
2852,2018,4,8,3,45,7
2853,2018,4,8,4,0,7
2854,2018,4,8,4,15,7
2855,2018,4,8,4,30,7
2856,2018,4,8,4,45,7
2857,2018,4,8,5,0,7
2858,2018,4,8,5,15,7
2859,2018,4,8,5,30,7
2860,2018,4,8,5,45,7
2861,2018,4,8,6,0,7
2862,2018,4,8,6,15,7
2863,2018,4,8,6,30,7
2864,2018,4,8,6,45,7
2865,2018,4,8,7,0,7
2866,2018,4,8,7,15,7
2867,2018,4,8,7,30,7
2868,2018,4,8,7,45,7
2869,2018,4,8,8,0,7
2870,2018,4,8,8,15,7
2871,2018,4,8,8,30,7
2872,2018,4,8,8,45,7
2873,2018,4,8,9,0,7
2874,2018,4,8,9,15,7
2875,2018,4,8,9,30,7
2876,2018,4,8,9,45,7
2877,2018,4,8,10,0,7
2878,2018,4,8,10,15,7
2879,2018,4,8,10,30,7
2880,2018,4,8,10,45,7
2881,2018,4,8,11,0,7
2882,2018,4,8,11,15,7
2883,2018,4,8,11,30,7
2884,2018,4,8,11,45,7
2885,2018,4,8,12,0,7
2886,2018,4,8,12,15,7
2887,2018,4,8,12,30,7
2888,2018,4,8,12,45,7
2889,2018,4,8,13,0,7
2890,2018,4,8,13,15,7
2891,2018,4,8,13,30,7
2892,2018,4,8,13,45,7
2893,2018,4,8,14,0,7
2894,2018,4,8,14,15,7
2895,2018,4,8,14,30,7
2896,2018,4,8,14,45,7
2897,2018,4,8,15,0,7
2898,2018,4,8,15,15,7
2899,2018,4,8,15,30,7
2900,2018,4,8,15,45,7
2901,2018,4,8,16,0,7
2902,2018,4,8,16,15,7
2903,2018,4,8,16,30,7
2904,2018,4,8,16,45,7
2905,2018,4,8,17,0,7
2906,2018,4,8,17,15,7
2907,2018,4,8,17,30,7
2908,2018,4,8,17,45,7
2909,2018,4,8,18,0,7
2910,2018,4,8,18,15,7
2911,2018,4,8,18,30,7
2912,2018,4,8,18,45,7
2913,2018,4,8,19,0,7
2914,2018,4,8,19,15,7
2915,2018,4,8,19,30,7
2916,2018,4,8,19,45,7
2917,2018,4,8,20,0,7
2918,2018,4,8,20,15,7
2919,2018,4,8,20,30,7
2920,2018,4,8,20,45,7
2921,2018,4,8,21,0,7
2922,2018,4,8,21,15,7
2923,2018,4,8,21,30,7
2924,2018,4,8,21,45,7
2925,2018,4,8,22,0,7
2926,2018,4,8,22,15,7
2927,2018,4,8,22,30,7
2928,2018,4,8,22,45,7
2929,2018,4,8,23,0,7
2930,2018,4,8,23,15,7
2931,2018,4,8,23,30,7
2932,2018,4,8,23,45,7
2933,2018,4,9,0,0,7
2934,2018,4,9,0,15,7
2935,2018,4,9,0,30,7
2936,2018,4,9,0,45,7
2937,2018,4,9,1,0,7
2938,2018,4,9,1,15,7
2939,2018,4,9,1,30,7
2940,2018,4,9,1,45,7
2941,2018,4,9,2,0,7
2942,2018,4,9,2,15,7
2943,2018,4,9,2,30,7
2944,2018,4,9,2,45,7
2945,2018,4,9,3,0,7
2946,2018,4,9,3,15,7
2947,2018,4,9,3,30,7
2948,2018,4,9,3,45,7
2949,2018,4,9,4,0,7
2950,2018,4,9,4,15,7
2951,2018,4,9,4,30,7
2952,2018,4,9,4,45,7
2953,2018,4,9,5,0,7
2954,2018,4,9,5,15,7
2955,2018,4,9,5,30,7
2956,2018,4,9,5,45,7
2957,2018,4,9,6,0,7
2958,2018,4,9,6,15,7
2959,2018,4,9,6,30,7
2960,2018,4,9,6,45,7
2961,2018,4,9,7,0,7
2962,2018,4,9,7,15,7
2963,2018,4,9,7,30,7
2964,2018,4,9,7,45,7
2965,2018,4,9,8,0,7
2966,2018,4,9,8,15,7
2967,2018,4,9,8,30,7
2968,2018,4,9,8,45,7
2969,2018,4,9,9,0,7
2970,2018,4,9,9,15,7
2971,2018,4,9,9,30,7
2972,2018,4,9,9,45,7
2973,2018,4,9,10,0,7
2974,2018,4,9,10,15,7
2975,2018,4,9,10,30,7
2976,2018,4,9,10,45,7
2977,2018,4,9,11,0,7
2978,2018,4,9,11,15,7
2979,2018,4,9,11,30,7
2980,2018,4,9,11,45,7
2981,2018,4,9,12,0,7
2982,2018,4,9,12,15,7
2983,2018,4,9,12,30,7
2984,2018,4,9,12,45,7
2985,2018,4,9,13,0,7
2986,2018,4,9,13,15,7
2987,2018,4,9,13,30,7
2988,2018,4,9,13,45,7
2989,2018,4,9,14,0,7
2990,2018,4,9,14,15,7
2991,2018,4,9,14,30,7
2992,2018,4,9,14,45,7
2993,2018,4,9,15,0,7
2994,2018,4,9,15,15,7
2995,2018,4,9,15,30,7
2996,2018,4,9,15,45,7
2997,2018,4,9,16,0,7
2998,2018,4,9,16,15,7
2999,2018,4,9,16,30,7
3000,2018,4,9,16,45,7
3001,2018,4,9,17,0,7
3002,2018,4,9,17,15,7
3003,2018,4,9,17,30,7
3004,2018,4,9,17,45,7
3005,2018,4,9,18,0,7
3006,2018,4,9,18,15,7
3007,2018,4,9,18,30,7
3008,2018,4,9,18,45,7
3009,2018,4,9,19,0,7
3010,2018,4,9,19,15,7
3011,2018,4,9,19,30,7
3012,2018,4,9,19,45,7
3013,2018,4,9,20,0,7
3014,2018,4,9,20,15,7
3015,2018,4,9,20,30,7
3016,2018,4,9,20,45,7
3017,2018,4,9,21,0,7
3018,2018,4,9,21,15,7
3019,2018,4,9,21,30,7
3020,2018,4,9,21,45,7
3021,2018,4,9,22,0,7
3022,2018,4,9,22,15,7
3023,2018,4,9,22,30,7
3024,2018,4,9,22,45,7
3025,2018,4,9,23,0,7
3026,2018,4,9,23,15,7
3027,2018,4,9,23,30,7
3028,2018,4,9,23,45,7
3029,2018,4,10,0,0,7
3030,2018,4,10,0,15,7
3031,2018,4,10,0,30,7
3032,2018,4,10,0,45,7
3033,2018,4,10,1,0,7
3034,2018,4,10,1,15,7
3035,2018,4,10,1,30,7
3036,2018,4,10,1,45,7
3037,2018,4,10,2,0,7
3038,2018,4,10,2,15,7
3039,2018,4,10,2,30,7
3040,2018,4,10,2,45,7
3041,2018,4,10,3,0,7
3042,2018,4,10,3,15,7
3043,2018,4,10,3,30,7
3044,2018,4,10,3,45,7
3045,2018,4,10,4,0,7
3046,2018,4,10,4,15,7
3047,2018,4,10,4,30,7
3048,2018,4,10,4,45,7
3049,2018,4,10,5,0,7
3050,2018,4,10,5,15,7
3051,2018,4,10,5,30,7
3052,2018,4,10,5,45,7
3053,2018,4,10,6,0,7
3054,2018,4,10,6,15,7
3055,2018,4,10,6,30,7
3056,2018,4,10,6,45,7
3057,2018,4,10,7,0,7
3058,2018,4,10,7,15,7
3059,2018,4,10,7,30,7
3060,2018,4,10,7,45,7
3061,2018,4,10,8,0,7
3062,2018,4,10,8,15,7
3063,2018,4,10,8,30,7
3064,2018,4,10,8,45,7
3065,2018,4,10,9,0,7
3066,2018,4,10,9,15,7
3067,2018,4,10,9,30,7
3068,2018,4,10,9,45,7
3069,2018,4,10,10,0,7
3070,2018,4,10,10,15,7
3071,2018,4,10,10,30,7
3072,2018,4,10,10,45,7
3073,2018,4,10,11,0,7
3074,2018,4,10,11,15,7
3075,2018,4,10,11,30,7
3076,2018,4,10,11,45,7
3077,2018,4,10,12,0,7
3078,2018,4,10,12,15,7
3079,2018,4,10,12,30,7
3080,2018,4,10,12,45,7
3081,2018,4,10,13,0,7
3082,2018,4,10,13,15,7
3083,2018,4,10,13,30,7
3084,2018,4,10,13,45,7
3085,2018,4,10,14,0,7
3086,2018,4,10,14,15,7
3087,2018,4,10,14,30,7
3088,2018,4,10,14,45,7
3089,2018,4,10,15,0,7
3090,2018,4,10,15,15,7
3091,2018,4,10,15,30,7
3092,2018,4,10,15,45,7
3093,2018,4,10,16,0,7
3094,2018,4,10,16,15,7
3095,2018,4,10,16,30,7
3096,2018,4,10,16,45,7
3097,2018,4,10,17,0,7
3098,2018,4,10,17,15,7
3099,2018,4,10,17,30,7
3100,2018,4,10,17,45,7
3101,2018,4,10,18,0,7
3102,2018,4,10,18,15,7
3103,2018,4,10,18,30,7
3104,2018,4,10,18,45,7
3105,2018,4,10,19,0,7
3106,2018,4,10,19,15,7
3107,2018,4,10,19,30,7
3108,2018,4,10,19,45,7
3109,2018,4,10,20,0,7
3110,2018,4,10,20,15,7
3111,2018,4,10,20,30,7
3112,2018,4,10,20,45,7
3113,2018,4,10,21,0,7
3114,2018,4,10,21,15,7
3115,2018,4,10,21,30,7
3116,2018,4,10,21,45,7
3117,2018,4,10,22,0,7
3118,2018,4,10,22,15,7
3119,2018,4,10,22,30,7
3120,2018,4,10,22,45,7
3121,2018,4,10,23,0,7
3122,2018,4,10,23,15,7
3123,2018,4,10,23,30,7
3124,2018,4,10,23,45,7
3125,2018,4,11,0,0,7
3126,2018,4,11,0,15,7
3127,2018,4,11,0,30,7
3128,2018,4,11,0,45,7
3129,2018,4,11,1,0,7
3130,2018,4,11,1,15,7
3131,2018,4,11,1,30,7
3132,2018,4,11,1,45,7
3133,2018,4,11,2,0,7
3134,2018,4,11,2,15,7
3135,2018,4,11,2,30,7
3136,2018,4,11,2,45,7
3137,2018,4,11,3,0,7.33
3138,2018,4,11,3,15,8.63
3139,2018,4,11,3,30,9.84
3140,2018,4,11,3,45,10.96
3141,2018,4,11,4,0,12
3142,2018,4,11,4,15,12.95
3143,2018,4,11,4,30,13.83
3144,2018,4,11,4,45,14.63
3145,2018,4,11,5,0,15.35
3146,2018,4,11,5,15,16.01
3147,2018,4,11,5,30,16.6
3148,2018,4,11,5,45,17.13
3149,2018,4,11,6,0,17.6
3150,2018,4,11,6,15,18.02
3151,2018,4,11,6,30,18.39
3152,2018,4,11,6,45,18.7
3153,2018,4,11,7,0,18.97
3154,2018,4,11,7,15,19.2
3155,2018,4,11,7,30,19.4
3156,2018,4,11,7,45,19.56
3157,2018,4,11,8,0,19.68
3158,2018,4,11,8,15,19.78
3159,2018,4,11,8,30,19.86
3160,2018,4,11,8,45,19.91
3161,2018,4,11,9,0,19.95
3162,2018,4,11,9,15,19.98
3163,2018,4,11,9,30,19.99
3164,2018,4,11,9,45,20
3165,2018,4,11,10,0,20
3166,2018,4,11,10,15,18
3167,2018,4,11,10,30,18
3168,2018,4,11,10,45,18
3169,2018,4,11,11,0,18
3170,2018,4,11,11,15,18
3171,2018,4,11,11,30,18
3172,2018,4,11,11,45,18
3173,2018,4,11,12,0,18
3174,2018,4,11,12,15,18
3175,2018,4,11,12,30,18
3176,2018,4,11,12,45,18
3177,2018,4,11,13,0,18
3178,2018,4,11,13,15,18
3179,2018,4,11,13,30,18
3180,2018,4,11,13,45,18
3181,2018,4,11,14,0,18
3182,2018,4,11,14,15,18
3183,2018,4,11,14,30,18
3184,2018,4,11,14,45,18
3185,2018,4,11,15,0,18
3186,2018,4,11,15,15,18
3187,2018,4,11,15,30,18
3188,2018,4,11,15,45,18
3189,2018,4,11,16,0,18
3190,2018,4,11,16,15,7
3191,2018,4,11,16,30,7
3192,2018,4,11,16,45,7
3193,2018,4,11,17,0,7
3194,2018,4,11,17,15,7
3195,2018,4,11,17,30,7
3196,2018,4,11,17,45,7
3197,2018,4,11,18,0,7
3198,2018,4,11,18,15,7
3199,2018,4,11,18,30,7
3200,2018,4,11,18,45,7
3201,2018,4,11,19,0,7
3202,2018,4,11,19,15,7
3203,2018,4,11,19,30,7
3204,2018,4,11,19,45,7
3205,2018,4,11,20,0,7
3206,2018,4,11,20,15,7
3207,2018,4,11,20,30,7
3208,2018,4,11,20,45,7
3209,2018,4,11,21,0,7
3210,2018,4,11,21,15,7
3211,2018,4,11,21,30,7
3212,2018,4,11,21,45,7
3213,2018,4,11,22,0,7
3214,2018,4,11,22,15,7
3215,2018,4,11,22,30,7
3216,2018,4,11,22,45,7
3217,2018,4,11,23,0,7
3218,2018,4,11,23,15,7
3219,2018,4,11,23,30,7
3220,2018,4,11,23,45,7
3221,2018,4,12,0,0,7
3222,2018,4,12,0,15,7
